{"items":[{"@context":"http://ec.europa.eu/semantic_webgate/dataset/additives/resource/AuthorisedCategory","http://ec.europa.eu/semantic_webgate/dataset/additives/resource/footnoteValue":"E 300, E 301 and E 302 are authorised individually or in combination, levels expressed as ascorbic acid","http://ec.europa.eu/semantic_webgate/dataset/additives/resource/footnoteCode":"18","@subject":"http://ec.europa.eu/semantic_webgate/dataset/additives/resource/authorisedCategory-2171"},{"@context":"http://ec.europa.eu/semantic_webgate/dataset/additives/resource/AuthorisedCategory","http://ec.europa.eu/semantic_webgate/dataset/additives/resource/footnoteValue":"Expressed as boric acid","http://ec.europa.eu/semantic_webgate/dataset/additives/resource/footnoteCode":"54","@subject":"http://ec.europa.eu/semantic_webgate/dataset/additives/resource/authorisedCategory-1884"},{"@context":"http://ec.europa.eu/semantic_webgate/dataset/additives/resource/AuthorisedCategory","http://ec.europa.eu/semantic_webgate/dataset/additives/resource/footnoteValue":"As a residue","http://ec.europa.eu/semantic_webgate/dataset/additives/resource/footnoteCode":"42","@subject":"http://ec.europa.eu/semantic_webgate/dataset/additives/resource/authorisedCategory-2186"},{"@context":"http://ec.europa.eu/semantic_webgate/dataset/additives/resource/AuthorisedCategory","http://ec.europa.eu/semantic_webgate/dataset/additives/resource/footnoteValue":"Maximum usable levels are expressed in free acid","http://ec.europa.eu/semantic_webgate/dataset/additives/resource/footnoteCode":"51","@subject":"http://ec.europa.eu/semantic_webgate/dataset/additives/resource/authorisedCategory-5528"},{"@context":"http://ec.europa.eu/semantic_webgate/dataset/additives/resource/AuthorisedCategory","http://ec.europa.eu/semantic_webgate/dataset/additives/resource/footnoteValue":"E 339 and E 340 are authorised individually or in combination and in conformity with the the limits set in Directives 2006/141/EC, 2006/125/EC, 1999/21/EC","http://ec.europa.eu/semantic_webgate/dataset/additives/resource/footnoteCode":"15","@subject":"http://ec.europa.eu/semantic_webgate/dataset/additives/resource/authorisedCategory-2137"},{"@context":"http://ec.europa.eu/semantic_webgate/dataset/additives/resource/AuthorisedCategory","http://ec.europa.eu/semantic_webgate/dataset/additives/resource/footnoteValue":"E 410, E 412, E 414, E 415 and E 440 are authorised individually or in combination","http://ec.europa.eu/semantic_webgate/dataset/additives/resource/footnoteCode":"21","@subject":"http://ec.europa.eu/semantic_webgate/dataset/additives/resource/authorisedCategory-2200"},{"@context":"http://ec.europa.eu/semantic_webgate/dataset/additives/resource/AuthorisedCategory","http://ec.europa.eu/semantic_webgate/dataset/additives/resource/footnoteValue":"The maximum level shall apply unless a different maximum level is specified in points 01 to 18 of this Annex in relation to individual foods or categories of foods","http://ec.europa.eu/semantic_webgate/dataset/additives/resource/footnoteCode":"57","@subject":"http://ec.europa.eu/semantic_webgate/dataset/additives/resource/authorisedCategory-872"},{"@context":"http://ec.europa.eu/semantic_webgate/dataset/additives/resource/AuthorisedCategory","http://ec.europa.eu/semantic_webgate/dataset/additives/resource/footnoteValue":"Maximum indiviually or in combination with E 400 - 404,  E 406, E 407, E 410, E 412, E 415 and E 418","http://ec.europa.eu/semantic_webgate/dataset/additives/resource/footnoteCode":"32","@subject":"http://ec.europa.eu/semantic_webgate/dataset/additives/resource/authorisedCategory-1353"},{"@context":"http://ec.europa.eu/semantic_webgate/dataset/additives/resource/AuthorisedCategory","http://ec.europa.eu/semantic_webgate/dataset/additives/resource/footnoteValue":"The additives may be added individually or in combination","http://ec.europa.eu/semantic_webgate/dataset/additives/resource/footnoteCode":"1","@subject":"http://ec.europa.eu/semantic_webgate/dataset/additives/resource/authorisedCategory-1045"},{"@context":"http://ec.europa.eu/semantic_webgate/dataset/additives/resource/AuthorisedCategory","http://ec.europa.eu/semantic_webgate/dataset/additives/resource/footnoteValue":"Maximum indiviually or in combination with E 400 - 404,  E 406, E 407, E 410, E 412, E 415 and E 418","http://ec.europa.eu/semantic_webgate/dataset/additives/resource/footnoteCode":"32","@subject":"http://ec.europa.eu/semantic_webgate/dataset/additives/resource/authorisedCategory-1355"},{"@context":"http://ec.europa.eu/semantic_webgate/dataset/additives/resource/AuthorisedCategory","http://ec.europa.eu/semantic_webgate/dataset/additives/resource/footnoteValue":"If more than one of the substances E 322, E 471, E 472c and E 473 are added to a foodstuff, the maximum level established for that foodstuff for each of those substances is lowered with that relative part as is present of the other substances together in that foodstuff.","http://ec.europa.eu/semantic_webgate/dataset/additives/resource/footnoteCode":"14","@subject":"http://ec.europa.eu/semantic_webgate/dataset/additives/resource/authorisedCategory-2140"},{"@context":"http://ec.europa.eu/semantic_webgate/dataset/additives/resource/AuthorisedCategory","http://ec.europa.eu/semantic_webgate/dataset/additives/resource/footnoteValue":"E 306, E 307, E 308 and E 309 are authorised individually or in combination","http://ec.europa.eu/semantic_webgate/dataset/additives/resource/footnoteCode":"16","@subject":"http://ec.europa.eu/semantic_webgate/dataset/additives/resource/authorisedCategory-2128"},{"@context":"http://ec.europa.eu/semantic_webgate/dataset/additives/resource/AuthorisedCategory","http://ec.europa.eu/semantic_webgate/dataset/additives/resource/footnoteValue":"Expressed as boric acid","http://ec.europa.eu/semantic_webgate/dataset/additives/resource/footnoteCode":"54","@subject":"http://ec.europa.eu/semantic_webgate/dataset/additives/resource/authorisedCategory-1885"},{"@context":"http://ec.europa.eu/semantic_webgate/dataset/additives/resource/AuthorisedCategory","http://ec.europa.eu/semantic_webgate/dataset/additives/resource/footnoteValue":"E 300, E 301 and E 302 are authorised individually or in combination, levels expressed as ascorbic acid","http://ec.europa.eu/semantic_webgate/dataset/additives/resource/footnoteCode":"18","@subject":"http://ec.europa.eu/semantic_webgate/dataset/additives/resource/authorisedCategory-2172"},{"@context":"http://ec.europa.eu/semantic_webgate/dataset/additives/resource/AuthorisedCategory","http://ec.europa.eu/semantic_webgate/dataset/additives/resource/footnoteValue":"The labelling requirements set out by Commission Regulation (EC) No 608/2004 (OJ L 97, 1.4.2004, p. 44) shall not apply","http://ec.europa.eu/semantic_webgate/dataset/additives/resource/footnoteCode":"80","@subject":"http://ec.europa.eu/semantic_webgate/dataset/additives/resource/authorisedCategory-5500"},{"@context":"http://ec.europa.eu/semantic_webgate/dataset/additives/resource/AuthorisedCategory","http://ec.europa.eu/semantic_webgate/dataset/additives/resource/footnoteValue":"Maximum usable levels are expressed in free imide","http://ec.europa.eu/semantic_webgate/dataset/additives/resource/footnoteCode":"52","@subject":"http://ec.europa.eu/semantic_webgate/dataset/additives/resource/authorisedCategory-5529"},{"@context":"http://ec.europa.eu/semantic_webgate/dataset/additives/resource/AuthorisedCategory","http://ec.europa.eu/semantic_webgate/dataset/additives/resource/footnoteValue":"In bitter vino E 100, E 101, E 102, E 104, E 110, E 120, E 122, E 123, E 124, E 129 are authorised individually or in combination ","http://ec.europa.eu/semantic_webgate/dataset/additives/resource/footnoteCode":"27","@subject":"http://ec.europa.eu/semantic_webgate/dataset/additives/resource/authorisedCategory-2498"},{"@context":"http://ec.europa.eu/semantic_webgate/dataset/additives/resource/AuthorisedCategory","http://ec.europa.eu/semantic_webgate/dataset/additives/resource/footnoteValue":"Maximum indiviually or in combination with E 120, E 142, E 160d and E 161b","http://ec.europa.eu/semantic_webgate/dataset/additives/resource/footnoteCode":"31","@subject":"http://ec.europa.eu/semantic_webgate/dataset/additives/resource/authorisedCategory-1335"},{"@context":"http://ec.europa.eu/semantic_webgate/dataset/additives/resource/AuthorisedCategory","http://ec.europa.eu/semantic_webgate/dataset/additives/resource/footnoteValue":"E 339 and E 340 are authorised individually or in combination and in conformity with the the limits set in Directives 2006/141/EC, 2006/125/EC, 1999/21/EC","http://ec.europa.eu/semantic_webgate/dataset/additives/resource/footnoteCode":"15","@subject":"http://ec.europa.eu/semantic_webgate/dataset/additives/resource/authorisedCategory-2138"},{"@context":"http://ec.europa.eu/semantic_webgate/dataset/additives/resource/AuthorisedCategory","http://ec.europa.eu/semantic_webgate/dataset/additives/resource/footnoteValue":"The additives may be added individually or in combination","http://ec.europa.eu/semantic_webgate/dataset/additives/resource/footnoteCode":"1","@subject":"http://ec.europa.eu/semantic_webgate/dataset/additives/resource/authorisedCategory-1553"},{"@context":"http://ec.europa.eu/semantic_webgate/dataset/additives/resource/AuthorisedCategory","http://ec.europa.eu/semantic_webgate/dataset/additives/resource/footnoteValue":"E 306, E 307, E 308 and E 309 are authorised individually or in combination","http://ec.europa.eu/semantic_webgate/dataset/additives/resource/footnoteCode":"16","@subject":"http://ec.europa.eu/semantic_webgate/dataset/additives/resource/authorisedCategory-2130"},{"@context":"http://ec.europa.eu/semantic_webgate/dataset/additives/resource/AuthorisedCategory","http://ec.europa.eu/semantic_webgate/dataset/additives/resource/footnoteValue":"If E 950, E 951, E 957, E 959 and E 961 are used in combination in chewing gum, the maximum level for each is reduced proportionally","http://ec.europa.eu/semantic_webgate/dataset/additives/resource/footnoteCode":"12","@subject":"http://ec.europa.eu/semantic_webgate/dataset/additives/resource/authorisedCategory-1533"},{"@context":"http://ec.europa.eu/semantic_webgate/dataset/additives/resource/AuthorisedCategory","http://ec.europa.eu/semantic_webgate/dataset/additives/resource/footnoteValue":"Maximum levels are expressed as SO<sub>2<\/sub> relate to the total quantity, available from all sources, an SO<sub>2<\/sub> content of not more than 10 mg/kg or 10 mg/l is not considered to be present.","http://ec.europa.eu/semantic_webgate/dataset/additives/resource/footnoteCode":"3","@subject":"http://ec.europa.eu/semantic_webgate/dataset/additives/resource/authorisedCategory-5505"},{"@context":"http://ec.europa.eu/semantic_webgate/dataset/additives/resource/AuthorisedCategory","http://ec.europa.eu/semantic_webgate/dataset/additives/resource/footnoteValue":"Maximum indiviually or in combination with E 400 - 404,  E 406, E 407, E 410, E 412, E 415 and E 418","http://ec.europa.eu/semantic_webgate/dataset/additives/resource/footnoteCode":"32","@subject":"http://ec.europa.eu/semantic_webgate/dataset/additives/resource/authorisedCategory-1354"},{"@context":"http://ec.europa.eu/semantic_webgate/dataset/additives/resource/AuthorisedCategory","http://ec.europa.eu/semantic_webgate/dataset/additives/resource/footnoteValue":"E 339, E 340 and E 341 are authorised individually or in combination","http://ec.europa.eu/semantic_webgate/dataset/additives/resource/footnoteCode":"20","@subject":"http://ec.europa.eu/semantic_webgate/dataset/additives/resource/authorisedCategory-2192"},{"@context":"http://ec.europa.eu/semantic_webgate/dataset/additives/resource/AuthorisedCategory","http://ec.europa.eu/semantic_webgate/dataset/additives/resource/footnoteValue":"Maximum indiviually or in combination with E 400 - 404,  E 406, E 407, E 410, E 412, E 415 and E 418","http://ec.europa.eu/semantic_webgate/dataset/additives/resource/footnoteCode":"32","@subject":"http://ec.europa.eu/semantic_webgate/dataset/additives/resource/authorisedCategory-1356"},{"@context":"http://ec.europa.eu/semantic_webgate/dataset/additives/resource/AuthorisedCategory","http://ec.europa.eu/semantic_webgate/dataset/additives/resource/footnoteValue":"E 306, E 307, E 308 and E 309 are authorised individually or in combination","http://ec.europa.eu/semantic_webgate/dataset/additives/resource/footnoteCode":"16","@subject":"http://ec.europa.eu/semantic_webgate/dataset/additives/resource/authorisedCategory-2129"},{"@context":"http://ec.europa.eu/semantic_webgate/dataset/additives/resource/AuthorisedCategory","http://ec.europa.eu/semantic_webgate/dataset/additives/resource/footnoteValue":"This substance may be present naturally in certain cheeses as a result of fermentation processes. ","http://ec.europa.eu/semantic_webgate/dataset/additives/resource/footnoteCode":"29","@subject":"http://ec.europa.eu/semantic_webgate/dataset/additives/resource/authorisedCategory-974"},{"@context":"http://ec.europa.eu/semantic_webgate/dataset/additives/resource/AuthorisedCategory","http://ec.europa.eu/semantic_webgate/dataset/additives/resource/footnoteValue":"As a residue","http://ec.europa.eu/semantic_webgate/dataset/additives/resource/footnoteCode":"42","@subject":"http://ec.europa.eu/semantic_webgate/dataset/additives/resource/authorisedCategory-2188"},{"@context":"http://ec.europa.eu/semantic_webgate/dataset/additives/resource/AuthorisedCategory","http://ec.europa.eu/semantic_webgate/dataset/additives/resource/footnoteValue":"Maximum usable levels are expressed in free imide","http://ec.europa.eu/semantic_webgate/dataset/additives/resource/footnoteCode":"52","@subject":"http://ec.europa.eu/semantic_webgate/dataset/additives/resource/authorisedCategory-1319"},{"@context":"http://ec.europa.eu/semantic_webgate/dataset/additives/resource/AuthorisedCategory","http://ec.europa.eu/semantic_webgate/dataset/additives/resource/footnoteValue":"E 306, E 307, E 308 and E 309 are authorised individually or in combination","http://ec.europa.eu/semantic_webgate/dataset/additives/resource/footnoteCode":"16","@subject":"http://ec.europa.eu/semantic_webgate/dataset/additives/resource/authorisedCategory-2131"},{"@context":"http://ec.europa.eu/semantic_webgate/dataset/additives/resource/AuthorisedCategory","http://ec.europa.eu/semantic_webgate/dataset/additives/resource/footnoteValue":"The maximum level is applicable to the sum and the levels are expressed as the free acid.","http://ec.europa.eu/semantic_webgate/dataset/additives/resource/footnoteCode":"2","@subject":"http://ec.europa.eu/semantic_webgate/dataset/additives/resource/authorisedCategory-884"},{"@context":"http://ec.europa.eu/semantic_webgate/dataset/additives/resource/AuthorisedCategory","http://ec.europa.eu/semantic_webgate/dataset/additives/resource/footnoteValue":"The maximum level is applicable to the sum and the levels are expressed as the free acid.","http://ec.europa.eu/semantic_webgate/dataset/additives/resource/footnoteCode":"2","@subject":"http://ec.europa.eu/semantic_webgate/dataset/additives/resource/authorisedCategory-1191"},{"@context":"http://ec.europa.eu/semantic_webgate/dataset/additives/resource/AuthorisedCategory","http://ec.europa.eu/semantic_webgate/dataset/additives/resource/footnoteValue":"In bitter vino E 100, E 101, E 102, E 104, E 110, E 120, E 122, E 123, E 124, E 129 are authorised individually or in combination ","http://ec.europa.eu/semantic_webgate/dataset/additives/resource/footnoteCode":"63","@subject":"http://ec.europa.eu/semantic_webgate/dataset/additives/resource/authorisedCategory-5490"},{"@context":"http://ec.europa.eu/semantic_webgate/dataset/additives/resource/AuthorisedCategory","http://ec.europa.eu/semantic_webgate/dataset/additives/resource/footnoteValue":"In americano E 100, E 101, E 102, E 104, E 120, E 122, E 123, E 124 are authorised individually or in combination ","http://ec.europa.eu/semantic_webgate/dataset/additives/resource/footnoteCode":"27","@subject":"http://ec.europa.eu/semantic_webgate/dataset/additives/resource/authorisedCategory-1000"},{"@context":"http://ec.europa.eu/semantic_webgate/dataset/additives/resource/AuthorisedCategory","http://ec.europa.eu/semantic_webgate/dataset/additives/resource/footnoteValue":"Maximum indiviually or in combination with E 400 - 404,  E 406, E 407, E 410, E 412, E 415 and E 418","http://ec.europa.eu/semantic_webgate/dataset/additives/resource/footnoteCode":"32","@subject":"http://ec.europa.eu/semantic_webgate/dataset/additives/resource/authorisedCategory-1357"},{"@context":"http://ec.europa.eu/semantic_webgate/dataset/additives/resource/AuthorisedCategory","http://ec.europa.eu/semantic_webgate/dataset/additives/resource/footnoteValue":"expressed as steviol equivalents","http://ec.europa.eu/semantic_webgate/dataset/additives/resource/footnoteCode":"60","@subject":"http://ec.europa.eu/semantic_webgate/dataset/additives/resource/authorisedCategory-5532"},{"@context":"http://ec.europa.eu/semantic_webgate/dataset/additives/resource/AuthorisedCategory","http://ec.europa.eu/semantic_webgate/dataset/additives/resource/footnoteValue":"E 300, E 301 and E 302 are authorised individually or in combination, levels expressed as ascorbic acid","http://ec.europa.eu/semantic_webgate/dataset/additives/resource/footnoteCode":"18","@subject":"http://ec.europa.eu/semantic_webgate/dataset/additives/resource/authorisedCategory-2170"},{"@context":"http://ec.europa.eu/semantic_webgate/dataset/additives/resource/AuthorisedCategory","http://ec.europa.eu/semantic_webgate/dataset/additives/resource/footnoteValue":"Maximum limit expressed on fat","http://ec.europa.eu/semantic_webgate/dataset/additives/resource/footnoteCode":"13","@subject":"http://ec.europa.eu/semantic_webgate/dataset/additives/resource/authorisedCategory-2037"},{"@context":"http://ec.europa.eu/semantic_webgate/dataset/additives/resource/AuthorisedCategory","http://ec.europa.eu/semantic_webgate/dataset/additives/resource/footnoteValue":"mg/dm<sup>2<\/sup> surface (not present at a depth of 5 mm)","http://ec.europa.eu/semantic_webgate/dataset/additives/resource/footnoteCode":"8","@subject":"http://ec.europa.eu/semantic_webgate/dataset/additives/resource/authorisedCategory-975"},{"@context":"http://ec.europa.eu/semantic_webgate/dataset/additives/resource/AuthorisedCategory","http://ec.europa.eu/semantic_webgate/dataset/additives/resource/footnoteValue":"As a residue","http://ec.europa.eu/semantic_webgate/dataset/additives/resource/footnoteCode":"42","@subject":"http://ec.europa.eu/semantic_webgate/dataset/additives/resource/authorisedCategory-2187"},{"@context":"http://ec.europa.eu/semantic_webgate/dataset/additives/resource/AuthorisedCategory","http://ec.europa.eu/semantic_webgate/dataset/additives/resource/footnoteValue":"E 400, E 401, E 402 and E 404 are authorised individually or in combination","http://ec.europa.eu/semantic_webgate/dataset/additives/resource/footnoteCode":"23","@subject":"http://ec.europa.eu/semantic_webgate/dataset/additives/resource/authorisedCategory-2197"},{"@context":"http://ec.europa.eu/semantic_webgate/dataset/additives/resource/AuthorisedCategory","http://ec.europa.eu/semantic_webgate/dataset/additives/resource/footnoteValue":"In bitter soda E 100, E 101, E 102, E 104, E 110, E 120, E 122, E 123, E 124, E 129 are authorised individually or in combination ","http://ec.europa.eu/semantic_webgate/dataset/additives/resource/footnoteCode":"37","@subject":"http://ec.europa.eu/semantic_webgate/dataset/additives/resource/authorisedCategory-1001"},{"@context":"http://ec.europa.eu/semantic_webgate/dataset/additives/resource/AuthorisedCategory","http://ec.europa.eu/semantic_webgate/dataset/additives/resource/footnoteValue":"The total quantity of E 104 and E 110 and the colours in Group III shall not exceed the maximum listed for Group III","http://ec.europa.eu/semantic_webgate/dataset/additives/resource/footnoteCode":"27","@subject":"http://ec.europa.eu/semantic_webgate/dataset/additives/resource/authorisedCategory-5491"},{"@context":"http://ec.europa.eu/semantic_webgate/dataset/additives/resource/AuthorisedCategory","http://ec.europa.eu/semantic_webgate/dataset/additives/resource/footnoteValue":"Maximum indiviually or in combination with E 400 - 404,  E 406, E 407, E 410, E 412, E 415 and E 418","http://ec.europa.eu/semantic_webgate/dataset/additives/resource/footnoteCode":"32","@subject":"http://ec.europa.eu/semantic_webgate/dataset/additives/resource/authorisedCategory-1358"},{"@context":"http://ec.europa.eu/semantic_webgate/dataset/additives/resource/AuthorisedCategory","http://ec.europa.eu/semantic_webgate/dataset/additives/resource/footnoteValue":"Maximum indiviually or in combination with E 400 - 404,  E 406, E 407, E 410, E 412, E 415 and E 418","http://ec.europa.eu/semantic_webgate/dataset/additives/resource/footnoteCode":"32","@subject":"http://ec.europa.eu/semantic_webgate/dataset/additives/resource/authorisedCategory-1352"},{"@context":"http://ec.europa.eu/semantic_webgate/dataset/additives/resource/AuthorisedCategory","http://ec.europa.eu/semantic_webgate/dataset/additives/resource/footnoteValue":"If more than one of the substances E 322, E 471, E 472c and E 473 are added to a foodstuff, the maximum level established for that foodstuff for each of those substances is lowered with that relative part as is present of the other substances together in that foodstuff.","http://ec.europa.eu/semantic_webgate/dataset/additives/resource/footnoteCode":"14","@subject":"http://ec.europa.eu/semantic_webgate/dataset/additives/resource/authorisedCategory-2132"},{"@context":"http://ec.europa.eu/semantic_webgate/dataset/additives/resource/AuthorisedCategory","http://ec.europa.eu/semantic_webgate/dataset/additives/resource/footnoteValue":"The maximum level is applicable to the sum and the levels are expressed as the free acid.","http://ec.europa.eu/semantic_webgate/dataset/additives/resource/footnoteCode":"2","@subject":"http://ec.europa.eu/semantic_webgate/dataset/additives/resource/authorisedCategory-5526"},{"@context":"http://ec.europa.eu/semantic_webgate/dataset/additives/resource/AuthorisedCategory","http://ec.europa.eu/semantic_webgate/dataset/additives/resource/footnoteValue":"E 214 &mdash; 219: p-hydroxybenzoates (PHB), maximum 300 mg/kg","http://ec.europa.eu/semantic_webgate/dataset/additives/resource/footnoteCode":"5","@subject":"http://ec.europa.eu/semantic_webgate/dataset/additives/resource/authorisedCategory-1462"},{"@context":"http://ec.europa.eu/semantic_webgate/dataset/additives/resource/AuthorisedCategory","http://ec.europa.eu/semantic_webgate/dataset/additives/resource/footnoteValue":"If E 950, E 951, E 957, E 959 and E 961 are used in combination in chewing gum, the maximum level for each is reduced proportionally","http://ec.europa.eu/semantic_webgate/dataset/additives/resource/footnoteCode":"12","@subject":"http://ec.europa.eu/semantic_webgate/dataset/additives/resource/authorisedCategory-1530"},{"@context":"http://ec.europa.eu/semantic_webgate/dataset/additives/resource/AuthorisedCategory","http://ec.europa.eu/semantic_webgate/dataset/additives/resource/footnoteValue":"Maximum indiviually or for the combination of E 100, E 102, E 120, E 151, E 160e","http://ec.europa.eu/semantic_webgate/dataset/additives/resource/footnoteCode":"37","@subject":"http://ec.europa.eu/semantic_webgate/dataset/additives/resource/authorisedCategory-1847"},{"@context":"http://ec.europa.eu/semantic_webgate/dataset/additives/resource/AuthorisedCategory","http://ec.europa.eu/semantic_webgate/dataset/additives/resource/footnoteValue":"In bitter vino E 100, E 101, E 102, E 104, E 110, E 120, E 122, E 123, E 124, E 129 are authorised individually or in combination ","http://ec.europa.eu/semantic_webgate/dataset/additives/resource/footnoteCode":"61","@subject":"http://ec.europa.eu/semantic_webgate/dataset/additives/resource/authorisedCategory-5492"},{"@context":"http://ec.europa.eu/semantic_webgate/dataset/additives/resource/AuthorisedCategory","http://ec.europa.eu/semantic_webgate/dataset/additives/resource/footnoteValue":"Maximum indiviually or for the combination of E 100, E 102, E 120, E 122, E 160e and E 161b","http://ec.europa.eu/semantic_webgate/dataset/additives/resource/footnoteCode":"33","@subject":"http://ec.europa.eu/semantic_webgate/dataset/additives/resource/authorisedCategory-1007"},{"@context":"http://ec.europa.eu/semantic_webgate/dataset/additives/resource/AuthorisedCategory","http://ec.europa.eu/semantic_webgate/dataset/additives/resource/footnoteValue":"The additives may be added individually or in combination","http://ec.europa.eu/semantic_webgate/dataset/additives/resource/footnoteCode":"1","@subject":"http://ec.europa.eu/semantic_webgate/dataset/additives/resource/authorisedCategory-911"},{"@context":"http://ec.europa.eu/semantic_webgate/dataset/additives/resource/AuthorisedCategory","http://ec.europa.eu/semantic_webgate/dataset/additives/resource/footnoteValue":"Expressed de Fe","http://ec.europa.eu/semantic_webgate/dataset/additives/resource/footnoteCode":"56","@subject":"http://ec.europa.eu/semantic_webgate/dataset/additives/resource/authorisedCategory-1194"},{"@context":"http://ec.europa.eu/semantic_webgate/dataset/additives/resource/AuthorisedCategory","http://ec.europa.eu/semantic_webgate/dataset/additives/resource/footnoteValue":"Limits are expressed as aspartame equivalent","http://ec.europa.eu/semantic_webgate/dataset/additives/resource/footnoteCode":"11(b)","@subject":"http://ec.europa.eu/semantic_webgate/dataset/additives/resource/authorisedCategory-1127"},{"@context":"http://ec.europa.eu/semantic_webgate/dataset/additives/resource/AuthorisedCategory","http://ec.europa.eu/semantic_webgate/dataset/additives/resource/footnoteValue":"Expressed as Sn","http://ec.europa.eu/semantic_webgate/dataset/additives/resource/footnoteCode":"55","@subject":"http://ec.europa.eu/semantic_webgate/dataset/additives/resource/authorisedCategory-1246"},{"@context":"http://ec.europa.eu/semantic_webgate/dataset/additives/resource/AuthorisedCategory","http://ec.europa.eu/semantic_webgate/dataset/additives/resource/footnoteValue":"E 400, E 401, E 402 and E 404 are authorised individually or in combination","http://ec.europa.eu/semantic_webgate/dataset/additives/resource/footnoteCode":"23","@subject":"http://ec.europa.eu/semantic_webgate/dataset/additives/resource/authorisedCategory-2195"},{"@context":"http://ec.europa.eu/semantic_webgate/dataset/additives/resource/AuthorisedCategory","http://ec.europa.eu/semantic_webgate/dataset/additives/resource/footnoteValue":"The additives may be added individually or in combination","http://ec.europa.eu/semantic_webgate/dataset/additives/resource/footnoteCode":"1","@subject":"http://ec.europa.eu/semantic_webgate/dataset/additives/resource/authorisedCategory-1049"},{"@context":"http://ec.europa.eu/semantic_webgate/dataset/additives/resource/AuthorisedCategory","http://ec.europa.eu/semantic_webgate/dataset/additives/resource/footnoteValue":"The maximum level is applicable to the sum and the levels are expressed as the free acid.","http://ec.europa.eu/semantic_webgate/dataset/additives/resource/footnoteCode":"2","@subject":"http://ec.europa.eu/semantic_webgate/dataset/additives/resource/authorisedCategory-1775"},{"@context":"http://ec.europa.eu/semantic_webgate/dataset/additives/resource/AuthorisedCategory","http://ec.europa.eu/semantic_webgate/dataset/additives/resource/footnoteValue":"Maximum indiviually or for the combination of E 120, E 122, E 129, E 131 and E 133","http://ec.europa.eu/semantic_webgate/dataset/additives/resource/footnoteCode":"34","@subject":"http://ec.europa.eu/semantic_webgate/dataset/additives/resource/authorisedCategory-1163"},{"@context":"http://ec.europa.eu/semantic_webgate/dataset/additives/resource/AuthorisedCategory","http://ec.europa.eu/semantic_webgate/dataset/additives/resource/footnoteValue":"The additives may be added individually or in combination","http://ec.europa.eu/semantic_webgate/dataset/additives/resource/footnoteCode":"1","@subject":"http://ec.europa.eu/semantic_webgate/dataset/additives/resource/authorisedCategory-1050"},{"@context":"http://ec.europa.eu/semantic_webgate/dataset/additives/resource/AuthorisedCategory","http://ec.europa.eu/semantic_webgate/dataset/additives/resource/footnoteValue":"E 315 and E 316 are authoised individually or in combination, maximum limit is expressed as erythorbic acid","http://ec.europa.eu/semantic_webgate/dataset/additives/resource/footnoteCode":"9","@subject":"http://ec.europa.eu/semantic_webgate/dataset/additives/resource/authorisedCategory-1761"},{"@context":"http://ec.europa.eu/semantic_webgate/dataset/additives/resource/AuthorisedCategory","http://ec.europa.eu/semantic_webgate/dataset/additives/resource/footnoteValue":"E 120, E 162 and E 163 may be added individually or in combination","http://ec.europa.eu/semantic_webgate/dataset/additives/resource/footnoteCode":"53","@subject":"http://ec.europa.eu/semantic_webgate/dataset/additives/resource/authorisedCategory-1599"},{"@context":"http://ec.europa.eu/semantic_webgate/dataset/additives/resource/AuthorisedCategory","http://ec.europa.eu/semantic_webgate/dataset/additives/resource/footnoteValue":"E 331 and E 332 are authorised individually or in combination and in conformity with the the limits set in Directives 2006/141/EC, 2006/125/EC, 1999/21/EC","http://ec.europa.eu/semantic_webgate/dataset/additives/resource/footnoteCode":"43","@subject":"http://ec.europa.eu/semantic_webgate/dataset/additives/resource/authorisedCategory-2134"},{"@context":"http://ec.europa.eu/semantic_webgate/dataset/additives/resource/AuthorisedCategory","http://ec.europa.eu/semantic_webgate/dataset/additives/resource/footnoteValue":"Maximum amount that may be added during manufacturing","http://ec.europa.eu/semantic_webgate/dataset/additives/resource/footnoteCode":"39","@subject":"http://ec.europa.eu/semantic_webgate/dataset/additives/resource/authorisedCategory-977"},{"@context":"http://ec.europa.eu/semantic_webgate/dataset/additives/resource/AuthorisedCategory","http://ec.europa.eu/semantic_webgate/dataset/additives/resource/footnoteValue":"Limits are expressed as aspartame equivalent","http://ec.europa.eu/semantic_webgate/dataset/additives/resource/footnoteCode":"11(a)","@subject":"http://ec.europa.eu/semantic_webgate/dataset/additives/resource/authorisedCategory-905"},{"@context":"http://ec.europa.eu/semantic_webgate/dataset/additives/resource/AuthorisedCategory","http://ec.europa.eu/semantic_webgate/dataset/additives/resource/footnoteValue":"E 471, E 472a, E 472b and E 472c are authorised individually or in combination","http://ec.europa.eu/semantic_webgate/dataset/additives/resource/footnoteCode":"22","@subject":"http://ec.europa.eu/semantic_webgate/dataset/additives/resource/authorisedCategory-2206"},{"@context":"http://ec.europa.eu/semantic_webgate/dataset/additives/resource/AuthorisedCategory","http://ec.europa.eu/semantic_webgate/dataset/additives/resource/footnoteValue":"Maximum indiviually or in combination with E 120, E 142, E 160d and E 161b","http://ec.europa.eu/semantic_webgate/dataset/additives/resource/footnoteCode":"31","@subject":"http://ec.europa.eu/semantic_webgate/dataset/additives/resource/authorisedCategory-1331"},{"@context":"http://ec.europa.eu/semantic_webgate/dataset/additives/resource/AuthorisedCategory","http://ec.europa.eu/semantic_webgate/dataset/additives/resource/footnoteValue":"Maximum indiviually or for the combination of E 100, E 102, E 120, E 122, E 160e and E 161b","http://ec.europa.eu/semantic_webgate/dataset/additives/resource/footnoteCode":"33","@subject":"http://ec.europa.eu/semantic_webgate/dataset/additives/resource/authorisedCategory-1008"},{"@context":"http://ec.europa.eu/semantic_webgate/dataset/additives/resource/AuthorisedCategory","http://ec.europa.eu/semantic_webgate/dataset/additives/resource/footnoteValue":"Expressed de Fe","http://ec.europa.eu/semantic_webgate/dataset/additives/resource/footnoteCode":"56","@subject":"http://ec.europa.eu/semantic_webgate/dataset/additives/resource/authorisedCategory-1193"},{"@context":"http://ec.europa.eu/semantic_webgate/dataset/additives/resource/AuthorisedCategory","http://ec.europa.eu/semantic_webgate/dataset/additives/resource/footnoteValue":"E 471, E 472a, E 472b and E 472c are authorised individually or in combination","http://ec.europa.eu/semantic_webgate/dataset/additives/resource/footnoteCode":"22","@subject":"http://ec.europa.eu/semantic_webgate/dataset/additives/resource/authorisedCategory-2205"},{"@context":"http://ec.europa.eu/semantic_webgate/dataset/additives/resource/AuthorisedCategory","http://ec.europa.eu/semantic_webgate/dataset/additives/resource/footnoteValue":"E 400, E 401, E 402 and E 404 are authorised individually or in combination","http://ec.europa.eu/semantic_webgate/dataset/additives/resource/footnoteCode":"23","@subject":"http://ec.europa.eu/semantic_webgate/dataset/additives/resource/authorisedCategory-2196"},{"@context":"http://ec.europa.eu/semantic_webgate/dataset/additives/resource/AuthorisedCategory","http://ec.europa.eu/semantic_webgate/dataset/additives/resource/footnoteValue":"The maximum amount applies to all uses covered by this regulation, including the provisions set out in Annex III","http://ec.europa.eu/semantic_webgate/dataset/additives/resource/footnoteCode":"47","@subject":"http://ec.europa.eu/semantic_webgate/dataset/additives/resource/authorisedCategory-1525"},{"@context":"http://ec.europa.eu/semantic_webgate/dataset/additives/resource/AuthorisedCategory","http://ec.europa.eu/semantic_webgate/dataset/additives/resource/footnoteValue":"Calculated as anhydrous extract","http://ec.europa.eu/semantic_webgate/dataset/additives/resource/footnoteCode":"45","@subject":"http://ec.europa.eu/semantic_webgate/dataset/additives/resource/authorisedCategory-2406"},{"@context":"http://ec.europa.eu/semantic_webgate/dataset/additives/resource/AuthorisedCategory","http://ec.europa.eu/semantic_webgate/dataset/additives/resource/footnoteValue":"If E 950, E 951, E 957, E 959 and E 961 are used in combination in chewing gum, the maximum level for each is reduced proportionally","http://ec.europa.eu/semantic_webgate/dataset/additives/resource/footnoteCode":"12","@subject":"http://ec.europa.eu/semantic_webgate/dataset/additives/resource/authorisedCategory-1532"},{"@context":"http://ec.europa.eu/semantic_webgate/dataset/additives/resource/AuthorisedCategory","http://ec.europa.eu/semantic_webgate/dataset/additives/resource/footnoteValue":"E 331 and E 332 are authorised individually or in combination and in conformity with the the limits set in Directives 2006/141/EC, 2006/125/EC, 1999/21/EC","http://ec.europa.eu/semantic_webgate/dataset/additives/resource/footnoteCode":"43","@subject":"http://ec.europa.eu/semantic_webgate/dataset/additives/resource/authorisedCategory-2135"},{"@context":"http://ec.europa.eu/semantic_webgate/dataset/additives/resource/AuthorisedCategory","http://ec.europa.eu/semantic_webgate/dataset/additives/resource/footnoteValue":"If more than one of the substances E 322, E 471, E 472c and E 473 are added to a foodstuff, the maximum level established for that foodstuff for each of those substances is lowered with that relative part as is present of the other substances together in that foodstuff.","http://ec.europa.eu/semantic_webgate/dataset/additives/resource/footnoteCode":"14","@subject":"http://ec.europa.eu/semantic_webgate/dataset/additives/resource/authorisedCategory-2141"},{"@context":"http://ec.europa.eu/semantic_webgate/dataset/additives/resource/AuthorisedCategory","http://ec.europa.eu/semantic_webgate/dataset/additives/resource/footnoteValue":"In bitter vino E 100, E 101, E 102, E 104, E 110, E 120, E 122, E 123, E 124, E 129 are authorised individually or in combination ","http://ec.europa.eu/semantic_webgate/dataset/additives/resource/footnoteCode":"27","@subject":"http://ec.europa.eu/semantic_webgate/dataset/additives/resource/authorisedCategory-2504"},{"@context":"http://ec.europa.eu/semantic_webgate/dataset/additives/resource/AuthorisedCategory","http://ec.europa.eu/semantic_webgate/dataset/additives/resource/footnoteValue":"The quantities of each of the colours E 122 and E 155 may not exceed 50 mg/kg or mg/l","http://ec.europa.eu/semantic_webgate/dataset/additives/resource/footnoteCode":"25","@subject":"http://ec.europa.eu/semantic_webgate/dataset/additives/resource/authorisedCategory-1106"},{"@context":"http://ec.europa.eu/semantic_webgate/dataset/additives/resource/AuthorisedCategory","http://ec.europa.eu/semantic_webgate/dataset/additives/resource/footnoteValue":"Maximum indiviually or in combination with E 120, E 142, E 160d and E 161b","http://ec.europa.eu/semantic_webgate/dataset/additives/resource/footnoteCode":"36","@subject":"http://ec.europa.eu/semantic_webgate/dataset/additives/resource/authorisedCategory-1004"},{"@context":"http://ec.europa.eu/semantic_webgate/dataset/additives/resource/AuthorisedCategory","http://ec.europa.eu/semantic_webgate/dataset/additives/resource/footnoteValue":"E 410, E 412, E 414, E 415 and E 440 are authorised individually or in combination","http://ec.europa.eu/semantic_webgate/dataset/additives/resource/footnoteCode":"21","@subject":"http://ec.europa.eu/semantic_webgate/dataset/additives/resource/authorisedCategory-2202"},{"@context":"http://ec.europa.eu/semantic_webgate/dataset/additives/resource/AuthorisedCategory","http://ec.europa.eu/semantic_webgate/dataset/additives/resource/footnoteValue":"Expressed as aluminium","http://ec.europa.eu/semantic_webgate/dataset/additives/resource/footnoteCode":"38","@subject":"http://ec.europa.eu/semantic_webgate/dataset/additives/resource/authorisedCategory-1480"},{"@context":"http://ec.europa.eu/semantic_webgate/dataset/additives/resource/AuthorisedCategory","http://ec.europa.eu/semantic_webgate/dataset/additives/resource/footnoteValue":"As a residue","http://ec.europa.eu/semantic_webgate/dataset/additives/resource/footnoteCode":"42","@subject":"http://ec.europa.eu/semantic_webgate/dataset/additives/resource/authorisedCategory-2193"},{"@context":"http://ec.europa.eu/semantic_webgate/dataset/additives/resource/AuthorisedCategory","http://ec.europa.eu/semantic_webgate/dataset/additives/resource/footnoteValue":"Fo-value 3 is equivalent to 3 minutes heating at 121 oC (reduction of the bacterial load of one billion spores in each 1 000 cans to one spore in a thousand cans).","http://ec.europa.eu/semantic_webgate/dataset/additives/resource/footnoteCode":"58","@subject":"http://ec.europa.eu/semantic_webgate/dataset/additives/resource/authorisedCategory-1758"},{"@context":"http://ec.europa.eu/semantic_webgate/dataset/additives/resource/AuthorisedCategory","http://ec.europa.eu/semantic_webgate/dataset/additives/resource/footnoteValue":"The additives may be added individually or in combination","http://ec.europa.eu/semantic_webgate/dataset/additives/resource/footnoteCode":"1","@subject":"http://ec.europa.eu/semantic_webgate/dataset/additives/resource/authorisedCategory-951"},{"@context":"http://ec.europa.eu/semantic_webgate/dataset/additives/resource/AuthorisedCategory","http://ec.europa.eu/semantic_webgate/dataset/additives/resource/footnoteValue":"As a residue","http://ec.europa.eu/semantic_webgate/dataset/additives/resource/footnoteCode":"42","@subject":"http://ec.europa.eu/semantic_webgate/dataset/additives/resource/authorisedCategory-1830"},{"@context":"http://ec.europa.eu/semantic_webgate/dataset/additives/resource/AuthorisedCategory","http://ec.europa.eu/semantic_webgate/dataset/additives/resource/footnoteValue":"As a residue","http://ec.europa.eu/semantic_webgate/dataset/additives/resource/footnoteCode":"42","@subject":"http://ec.europa.eu/semantic_webgate/dataset/additives/resource/authorisedCategory-2216"},{"@context":"http://ec.europa.eu/semantic_webgate/dataset/additives/resource/AuthorisedCategory","http://ec.europa.eu/semantic_webgate/dataset/additives/resource/footnoteValue":"Expressed as aluminium","http://ec.europa.eu/semantic_webgate/dataset/additives/resource/footnoteCode":"38","@subject":"http://ec.europa.eu/semantic_webgate/dataset/additives/resource/authorisedCategory-1712"},{"@context":"http://ec.europa.eu/semantic_webgate/dataset/additives/resource/AuthorisedCategory","http://ec.europa.eu/semantic_webgate/dataset/additives/resource/footnoteValue":"The additives may be added individually or in combination","http://ec.europa.eu/semantic_webgate/dataset/additives/resource/footnoteCode":"1","@subject":"http://ec.europa.eu/semantic_webgate/dataset/additives/resource/authorisedCategory-2015"},{"@context":"http://ec.europa.eu/semantic_webgate/dataset/additives/resource/AuthorisedCategory","http://ec.europa.eu/semantic_webgate/dataset/additives/resource/footnoteValue":"Maximum indiviually or for the combination of E 120, E 122, E 129, E 131 and E 133","http://ec.europa.eu/semantic_webgate/dataset/additives/resource/footnoteCode":"34","@subject":"http://ec.europa.eu/semantic_webgate/dataset/additives/resource/authorisedCategory-1161"},{"@context":"http://ec.europa.eu/semantic_webgate/dataset/additives/resource/AuthorisedCategory","http://ec.europa.eu/semantic_webgate/dataset/additives/resource/footnoteValue":"In conformity with the the limits set in Directives 2006/141/EC, 2006/125/EC, 1999/21/EC","http://ec.europa.eu/semantic_webgate/dataset/additives/resource/footnoteCode":"44","@subject":"http://ec.europa.eu/semantic_webgate/dataset/additives/resource/authorisedCategory-2136"},{"@context":"http://ec.europa.eu/semantic_webgate/dataset/additives/resource/AuthorisedCategory","http://ec.europa.eu/semantic_webgate/dataset/additives/resource/footnoteValue":"If E 950, E 951, E 957, E 959 and E 961 are used in combination in chewing gum, the maximum level for each is reduced proportionally","http://ec.europa.eu/semantic_webgate/dataset/additives/resource/footnoteCode":"12","@subject":"http://ec.europa.eu/semantic_webgate/dataset/additives/resource/authorisedCategory-1531"},{"@context":"http://ec.europa.eu/semantic_webgate/dataset/additives/resource/AuthorisedCategory","http://ec.europa.eu/semantic_webgate/dataset/additives/resource/footnoteValue":"Propionic acid and its salts may be present in certain fermented products resulting from the fermentation process following good manufacturing practice.","http://ec.europa.eu/semantic_webgate/dataset/additives/resource/footnoteCode":"6","@subject":"http://ec.europa.eu/semantic_webgate/dataset/additives/resource/authorisedCategory-1655"},{"@context":"http://ec.europa.eu/semantic_webgate/dataset/additives/resource/AuthorisedCategory","http://ec.europa.eu/semantic_webgate/dataset/additives/resource/footnoteValue":"Maximum level applies to the dissolved food supplement ready for consumption when diluted with 200 ml of water","http://ec.europa.eu/semantic_webgate/dataset/additives/resource/footnoteCode":"79","@subject":"http://ec.europa.eu/semantic_webgate/dataset/additives/resource/authorisedCategory-5421"},{"@context":"http://ec.europa.eu/semantic_webgate/dataset/additives/resource/AuthorisedCategory","http://ec.europa.eu/semantic_webgate/dataset/additives/resource/footnoteValue":"If more than one of the substances E 322, E 471, E 472c and E 473 are added to a foodstuff, the maximum level established for that foodstuff for each of those substances is lowered with that relative part as is present of the other substances together in that foodstuff.","http://ec.europa.eu/semantic_webgate/dataset/additives/resource/footnoteCode":"14","@subject":"http://ec.europa.eu/semantic_webgate/dataset/additives/resource/authorisedCategory-2142"},{"@context":"http://ec.europa.eu/semantic_webgate/dataset/additives/resource/AuthorisedCategory","http://ec.europa.eu/semantic_webgate/dataset/additives/resource/footnoteValue":"Maximum indiviually or for the combination of E 100, 102, E 120, E 122, E 129, E 142, E 151, E 160e, E 161b","http://ec.europa.eu/semantic_webgate/dataset/additives/resource/footnoteCode":"35","@subject":"http://ec.europa.eu/semantic_webgate/dataset/additives/resource/authorisedCategory-1005"},{"@context":"http://ec.europa.eu/semantic_webgate/dataset/additives/resource/AuthorisedCategory","http://ec.europa.eu/semantic_webgate/dataset/additives/resource/footnoteValue":"As a residue","http://ec.europa.eu/semantic_webgate/dataset/additives/resource/footnoteCode":"42","@subject":"http://ec.europa.eu/semantic_webgate/dataset/additives/resource/authorisedCategory-2203"},{"@context":"http://ec.europa.eu/semantic_webgate/dataset/additives/resource/AuthorisedCategory","http://ec.europa.eu/semantic_webgate/dataset/additives/resource/footnoteValue":"E 400, E 401, E 402 and E 404 are authorised individually or in combination","http://ec.europa.eu/semantic_webgate/dataset/additives/resource/footnoteCode":"23","@subject":"http://ec.europa.eu/semantic_webgate/dataset/additives/resource/authorisedCategory-2194"},{"@context":"http://ec.europa.eu/semantic_webgate/dataset/additives/resource/AuthorisedCategory","http://ec.europa.eu/semantic_webgate/dataset/additives/resource/footnoteValue":"Ingoing amount, residues not detectable","http://ec.europa.eu/semantic_webgate/dataset/additives/resource/footnoteCode":"24","@subject":"http://ec.europa.eu/semantic_webgate/dataset/additives/resource/authorisedCategory-5522"},{"@context":"http://ec.europa.eu/semantic_webgate/dataset/additives/resource/AuthorisedCategory","http://ec.europa.eu/semantic_webgate/dataset/additives/resource/footnoteValue":"Expressed on fat basis","http://ec.europa.eu/semantic_webgate/dataset/additives/resource/footnoteCode":"41","@subject":"http://ec.europa.eu/semantic_webgate/dataset/additives/resource/authorisedCategory-1063"},{"@context":"http://ec.europa.eu/semantic_webgate/dataset/additives/resource/AuthorisedCategory","http://ec.europa.eu/semantic_webgate/dataset/additives/resource/footnoteValue":"E 120, E 162 and E 163 may be added individually or in combination","http://ec.europa.eu/semantic_webgate/dataset/additives/resource/footnoteCode":"53","@subject":"http://ec.europa.eu/semantic_webgate/dataset/additives/resource/authorisedCategory-1598"},{"@context":"http://ec.europa.eu/semantic_webgate/dataset/additives/resource/AuthorisedCategory","http://ec.europa.eu/semantic_webgate/dataset/additives/resource/footnoteValue":"E 315 and E 316 are authoised individually or in combination, maximum limit is expressed as erythorbic acid","http://ec.europa.eu/semantic_webgate/dataset/additives/resource/footnoteCode":"9","@subject":"http://ec.europa.eu/semantic_webgate/dataset/additives/resource/authorisedCategory-1760"},{"@context":"http://ec.europa.eu/semantic_webgate/dataset/additives/resource/AuthorisedCategory","http://ec.europa.eu/semantic_webgate/dataset/additives/resource/footnoteValue":"E 304, E 306, E 307, E 308 and E 309 are authorised individually are in combination","http://ec.europa.eu/semantic_webgate/dataset/additives/resource/footnoteCode":"19","@subject":"http://ec.europa.eu/semantic_webgate/dataset/additives/resource/authorisedCategory-2173"},{"@context":"http://ec.europa.eu/semantic_webgate/dataset/additives/resource/AuthorisedCategory","http://ec.europa.eu/semantic_webgate/dataset/additives/resource/footnoteValue":"Maximum indiviually or for the combination of E 120, E 122, E 129, E 131 and E 133","http://ec.europa.eu/semantic_webgate/dataset/additives/resource/footnoteCode":"34","@subject":"http://ec.europa.eu/semantic_webgate/dataset/additives/resource/authorisedCategory-1162"},{"@context":"http://ec.europa.eu/semantic_webgate/dataset/additives/resource/AuthorisedCategory","http://ec.europa.eu/semantic_webgate/dataset/additives/resource/footnoteValue":"The maximum level is expressed as P<sub>2<\/sub>O<sub>5<\/sub>","http://ec.europa.eu/semantic_webgate/dataset/additives/resource/footnoteCode":"4","@subject":"http://ec.europa.eu/semantic_webgate/dataset/additives/resource/authorisedCategory-5518"},{"@context":"http://ec.europa.eu/semantic_webgate/dataset/additives/resource/AuthorisedCategory","http://ec.europa.eu/semantic_webgate/dataset/additives/resource/footnoteValue":"As the sum of carnosol and carnosic acid","http://ec.europa.eu/semantic_webgate/dataset/additives/resource/footnoteCode":"46","@subject":"http://ec.europa.eu/semantic_webgate/dataset/additives/resource/authorisedCategory-5517"},{"@context":"http://ec.europa.eu/geninfo/LegalNotices","http://www.w3.org/2000/01/rdf-schema#label":{"en":"The information and data on this site is subject to a disclaimer, a copyright notice rules related to personal data protection and cookies.  For further information:   http://ec.europa.eu/geninfo/legal_notices_en.htm"},"@subject":"http://ec.europa.eu/geninfo/legal_notices_en.htm"}]}