{"items":[{"@context":"http://ec.europa.eu/semantic_webgate/dataset/additives/resource/ApplicationCategory","http://ec.europa.eu/semantic_webgate/dataset/additives/resource/categoryName":"Fine bakery wares","http://ec.europa.eu/semantic_webgate/dataset/additives/resource/hasApplication":"http://ec.europa.eu/semantic_webgate/dataset/additives/resource/application-122","http://ec.europa.eu/semantic_webgate/dataset/additives/resource/refNumberAppProc":"2006/02","http://ec.europa.eu/semantic_webgate/dataset/additives/resource/categoryCode":"04.2.5.1","http://ec.europa.eu/semantic_webgate/dataset/additives/resource/hasLegislation":"http://ec.europa.eu/semantic_webgate/dataset/additives/resource/legislation-75","http://ec.europa.eu/semantic_webgate/dataset/additives/resource/hasCategory":"http://ec.europa.eu/semantic_webgate/dataset/additives/resource/category-04.2.5.1","@subject":"http://ec.europa.eu/semantic_webgate/dataset/additives/resource/applicationCategory-122-04.2.5.3"},{"@context":"http://ec.europa.eu/semantic_webgate/dataset/additives/resource/ApplicationCategory","http://ec.europa.eu/semantic_webgate/dataset/additives/resource/categoryName":"Fruit and vegetable preparations excluding compote","http://ec.europa.eu/semantic_webgate/dataset/additives/resource/hasApplication":"http://ec.europa.eu/semantic_webgate/dataset/additives/resource/application-361","http://ec.europa.eu/semantic_webgate/dataset/additives/resource/categoryCode":"04.2.4.1","http://ec.europa.eu/semantic_webgate/dataset/additives/resource/hasLegislation":"http://ec.europa.eu/semantic_webgate/dataset/additives/resource/legislation-108","http://ec.europa.eu/semantic_webgate/dataset/additives/resource/hasCategory":"http://ec.europa.eu/semantic_webgate/dataset/additives/resource/category-04.2.4.1","@subject":"http://ec.europa.eu/semantic_webgate/dataset/additives/resource/applicationCategory-361-04.2.4.1"},{"@context":"http://ec.europa.eu/semantic_webgate/dataset/additives/resource/ApplicationCategory","http://ec.europa.eu/semantic_webgate/dataset/additives/resource/categoryName":"Entire fresh fruit and vegetables","http://ec.europa.eu/semantic_webgate/dataset/additives/resource/hasApplication":"http://ec.europa.eu/semantic_webgate/dataset/additives/resource/application-111","http://ec.europa.eu/semantic_webgate/dataset/additives/resource/refNumberAppProc":"2010/01","http://ec.europa.eu/semantic_webgate/dataset/additives/resource/categoryCode":"4.1.1","http://ec.europa.eu/semantic_webgate/dataset/additives/resource/hasLegislation":"http://ec.europa.eu/semantic_webgate/dataset/additives/resource/legislation-79","http://ec.europa.eu/semantic_webgate/dataset/additives/resource/hasCategory":"http://ec.europa.eu/semantic_webgate/dataset/additives/resource/category-4.1.1","@subject":"http://ec.europa.eu/semantic_webgate/dataset/additives/resource/applicationCategory-111-4.1.1"},{"@context":"http://ec.europa.eu/semantic_webgate/dataset/additives/resource/ApplicationCategory","http://ec.europa.eu/semantic_webgate/dataset/additives/resource/categoryName":"Entire fresh fruit and vegetables","http://ec.europa.eu/semantic_webgate/dataset/additives/resource/hasApplication":"http://ec.europa.eu/semantic_webgate/dataset/additives/resource/application-384","http://ec.europa.eu/semantic_webgate/dataset/additives/resource/categoryCode":"4.1.1","http://ec.europa.eu/semantic_webgate/dataset/additives/resource/hasLegislation":"http://ec.europa.eu/semantic_webgate/dataset/additives/resource/legislation-106","http://ec.europa.eu/semantic_webgate/dataset/additives/resource/hasCategory":"http://ec.europa.eu/semantic_webgate/dataset/additives/resource/category-4.1.1","@subject":"http://ec.europa.eu/semantic_webgate/dataset/additives/resource/applicationCategory-384-4.1.1"},{"@context":"http://ec.europa.eu/semantic_webgate/dataset/additives/resource/ApplicationCategory","http://ec.europa.eu/semantic_webgate/dataset/additives/resource/categoryName":"Other alcoholic drinks including mixtures of alcoholic drinks with non-alcoholic drinks and spirits with less than 15 % of alcohol and","http://ec.europa.eu/semantic_webgate/dataset/additives/resource/hasApplication":"http://ec.europa.eu/semantic_webgate/dataset/additives/resource/application-376","http://ec.europa.eu/semantic_webgate/dataset/additives/resource/refNumberAppProc":"2011/06","http://ec.europa.eu/semantic_webgate/dataset/additives/resource/hasLegislation":"http://ec.europa.eu/semantic_webgate/dataset/additives/resource/legislation-107","http://ec.europa.eu/semantic_webgate/dataset/additives/resource/categoryCode":"14.2.4","http://ec.europa.eu/semantic_webgate/dataset/additives/resource/hasCategory":"http://ec.europa.eu/semantic_webgate/dataset/additives/resource/category-14.2.4","@subject":"http://ec.europa.eu/semantic_webgate/dataset/additives/resource/applicationCategory-126-14.2.8"},{"@context":"http://ec.europa.eu/semantic_webgate/dataset/additives/resource/ApplicationCategory","http://ec.europa.eu/semantic_webgate/dataset/additives/resource/categoryName":"Fruit and vegetable preparations excluding compote","http://ec.europa.eu/semantic_webgate/dataset/additives/resource/hasApplication":"http://ec.europa.eu/semantic_webgate/dataset/additives/resource/application-371","http://ec.europa.eu/semantic_webgate/dataset/additives/resource/categoryCode":"04.2.4.1","http://ec.europa.eu/semantic_webgate/dataset/additives/resource/hasLegislation":"http://ec.europa.eu/semantic_webgate/dataset/additives/resource/legislation-108","http://ec.europa.eu/semantic_webgate/dataset/additives/resource/hasCategory":"http://ec.europa.eu/semantic_webgate/dataset/additives/resource/category-04.2.4.1","@subject":"http://ec.europa.eu/semantic_webgate/dataset/additives/resource/applicationCategory-371-04.2.4.1"},{"@context":"http://ec.europa.eu/semantic_webgate/dataset/additives/resource/ApplicationCategory","http://ec.europa.eu/semantic_webgate/dataset/additives/resource/categoryName":"Fruit wine and made wine","http://ec.europa.eu/semantic_webgate/dataset/additives/resource/hasApplication":"http://ec.europa.eu/semantic_webgate/dataset/additives/resource/application-375","http://ec.europa.eu/semantic_webgate/dataset/additives/resource/categoryCode":"14.2.4","http://ec.europa.eu/semantic_webgate/dataset/additives/resource/hasLegislation":"http://ec.europa.eu/semantic_webgate/dataset/additives/resource/legislation-107","http://ec.europa.eu/semantic_webgate/dataset/additives/resource/hasCategory":"http://ec.europa.eu/semantic_webgate/dataset/additives/resource/category-14.2.4","@subject":"http://ec.europa.eu/semantic_webgate/dataset/additives/resource/applicationCategory-375-14.2.4"},{"@context":"http://ec.europa.eu/semantic_webgate/dataset/additives/resource/ApplicationCategory","http://ec.europa.eu/semantic_webgate/dataset/additives/resource/categoryName":"Other confectionery including breath refreshening microsweets","http://ec.europa.eu/semantic_webgate/dataset/additives/resource/hasApplication":"http://ec.europa.eu/semantic_webgate/dataset/additives/resource/application-123","http://ec.europa.eu/semantic_webgate/dataset/additives/resource/refNumberAppProc":"2010/02","http://ec.europa.eu/semantic_webgate/dataset/additives/resource/categoryCode":"5.2","http://ec.europa.eu/semantic_webgate/dataset/additives/resource/hasLegislation":"http://ec.europa.eu/semantic_webgate/dataset/additives/resource/legislation-66","http://ec.europa.eu/semantic_webgate/dataset/additives/resource/hasCategory":"http://ec.europa.eu/semantic_webgate/dataset/additives/resource/category-5.2","@subject":"http://ec.europa.eu/semantic_webgate/dataset/additives/resource/applicationCategory-123-5.2"},{"@context":"http://ec.europa.eu/semantic_webgate/dataset/additives/resource/ApplicationCategory","http://ec.europa.eu/semantic_webgate/dataset/additives/resource/categoryName":"Other similar fruit or vegetable spreads","http://ec.europa.eu/semantic_webgate/dataset/additives/resource/hasApplication":"http://ec.europa.eu/semantic_webgate/dataset/additives/resource/application-385","http://ec.europa.eu/semantic_webgate/dataset/additives/resource/categoryCode":"04.2.5.3","http://ec.europa.eu/semantic_webgate/dataset/additives/resource/hasLegislation":"http://ec.europa.eu/semantic_webgate/dataset/additives/resource/legislation-109","http://ec.europa.eu/semantic_webgate/dataset/additives/resource/hasCategory":"http://ec.europa.eu/semantic_webgate/dataset/additives/resource/category-04.2.5.3","@subject":"http://ec.europa.eu/semantic_webgate/dataset/additives/resource/applicationCategory-385-04.2.5.3"},{"@context":"http://ec.europa.eu/semantic_webgate/dataset/additives/resource/ApplicationCategory","http://ec.europa.eu/semantic_webgate/dataset/additives/resource/categoryName":"Fruit and vegetable preparations excluding compote","http://ec.europa.eu/semantic_webgate/dataset/additives/resource/hasApplication":"http://ec.europa.eu/semantic_webgate/dataset/additives/resource/application-365","http://ec.europa.eu/semantic_webgate/dataset/additives/resource/categoryCode":"04.2.4.1","http://ec.europa.eu/semantic_webgate/dataset/additives/resource/hasLegislation":"http://ec.europa.eu/semantic_webgate/dataset/additives/resource/legislation-108","http://ec.europa.eu/semantic_webgate/dataset/additives/resource/hasCategory":"http://ec.europa.eu/semantic_webgate/dataset/additives/resource/category-04.2.4.1","@subject":"http://ec.europa.eu/semantic_webgate/dataset/additives/resource/applicationCategory-365-04.2.4.1"},{"@context":"http://ec.europa.eu/semantic_webgate/dataset/additives/resource/ApplicationCategory","http://ec.europa.eu/semantic_webgate/dataset/additives/resource/categoryName":"Other similar fruit or vegetable spreads","http://ec.europa.eu/semantic_webgate/dataset/additives/resource/hasApplication":"http://ec.europa.eu/semantic_webgate/dataset/additives/resource/application-387","http://ec.europa.eu/semantic_webgate/dataset/additives/resource/categoryCode":"04.2.5.3","http://ec.europa.eu/semantic_webgate/dataset/additives/resource/hasLegislation":"http://ec.europa.eu/semantic_webgate/dataset/additives/resource/legislation-108","http://ec.europa.eu/semantic_webgate/dataset/additives/resource/hasCategory":"http://ec.europa.eu/semantic_webgate/dataset/additives/resource/category-04.2.4.1","@subject":"http://ec.europa.eu/semantic_webgate/dataset/additives/resource/applicationCategory-369-04.2.4.1"},{"@context":"http://ec.europa.eu/semantic_webgate/dataset/additives/resource/ApplicationCategory","http://ec.europa.eu/semantic_webgate/dataset/additives/resource/categoryName":"Entire fresh fruit and vegetables","http://ec.europa.eu/semantic_webgate/dataset/additives/resource/hasApplication":"http://ec.europa.eu/semantic_webgate/dataset/additives/resource/application-112","http://ec.europa.eu/semantic_webgate/dataset/additives/resource/refNumberAppProc":"2011/02","http://ec.europa.eu/semantic_webgate/dataset/additives/resource/categoryCode":"4.1.1","http://ec.europa.eu/semantic_webgate/dataset/additives/resource/hasLegislation":"http://ec.europa.eu/semantic_webgate/dataset/additives/resource/legislation-79","http://ec.europa.eu/semantic_webgate/dataset/additives/resource/hasCategory":"http://ec.europa.eu/semantic_webgate/dataset/additives/resource/category-4.1.1","@subject":"http://ec.europa.eu/semantic_webgate/dataset/additives/resource/applicationCategory-112-4.1.1"},{"@context":"http://ec.europa.eu/semantic_webgate/dataset/additives/resource/ApplicationCategory","http://ec.europa.eu/semantic_webgate/dataset/additives/resource/categoryName":"Fruit and vegetable preparations excluding compote","http://ec.europa.eu/semantic_webgate/dataset/additives/resource/hasApplication":"http://ec.europa.eu/semantic_webgate/dataset/additives/resource/application-368","http://ec.europa.eu/semantic_webgate/dataset/additives/resource/categoryCode":"04.2.4.1","http://ec.europa.eu/semantic_webgate/dataset/additives/resource/hasLegislation":"http://ec.europa.eu/semantic_webgate/dataset/additives/resource/legislation-108","http://ec.europa.eu/semantic_webgate/dataset/additives/resource/hasCategory":"http://ec.europa.eu/semantic_webgate/dataset/additives/resource/category-04.2.4.1","@subject":"http://ec.europa.eu/semantic_webgate/dataset/additives/resource/applicationCategory-368-04.2.4.1"},{"@context":"http://ec.europa.eu/semantic_webgate/dataset/additives/resource/ApplicationCategory","http://ec.europa.eu/semantic_webgate/dataset/additives/resource/categoryName":"Food supplements supplied in a solid form including capsules and tablets and similar forms, excluding chewable forms","http://ec.europa.eu/semantic_webgate/dataset/additives/resource/hasApplication":"http://ec.europa.eu/semantic_webgate/dataset/additives/resource/application-132","http://ec.europa.eu/semantic_webgate/dataset/additives/resource/refNumberAppProc":"2011/08","http://ec.europa.eu/semantic_webgate/dataset/additives/resource/categoryCode":"17.1","http://ec.europa.eu/semantic_webgate/dataset/additives/resource/hasLegislation":"http://ec.europa.eu/semantic_webgate/dataset/additives/resource/legislation-74","http://ec.europa.eu/semantic_webgate/dataset/additives/resource/hasCategory":"http://ec.europa.eu/semantic_webgate/dataset/additives/resource/category-17.1","@subject":"http://ec.europa.eu/semantic_webgate/dataset/additives/resource/applicationCategory-132-17.1"},{"@context":"http://ec.europa.eu/semantic_webgate/dataset/additives/resource/ApplicationCategory","http://ec.europa.eu/semantic_webgate/dataset/additives/resource/categoryName":"Entire fresh fruit and vegetables","http://ec.europa.eu/semantic_webgate/dataset/additives/resource/hasApplication":"http://ec.europa.eu/semantic_webgate/dataset/additives/resource/application-383","http://ec.europa.eu/semantic_webgate/dataset/additives/resource/categoryCode":"4.1.1","http://ec.europa.eu/semantic_webgate/dataset/additives/resource/hasLegislation":"http://ec.europa.eu/semantic_webgate/dataset/additives/resource/legislation-106","http://ec.europa.eu/semantic_webgate/dataset/additives/resource/hasCategory":"http://ec.europa.eu/semantic_webgate/dataset/additives/resource/category-4.1.1","@subject":"http://ec.europa.eu/semantic_webgate/dataset/additives/resource/applicationCategory-383-4.1.1"},{"@context":"http://ec.europa.eu/semantic_webgate/dataset/additives/resource/ApplicationCategory","http://ec.europa.eu/semantic_webgate/dataset/additives/resource/categoryName":"Fruit wine and made wine","http://ec.europa.eu/semantic_webgate/dataset/additives/resource/hasApplication":"http://ec.europa.eu/semantic_webgate/dataset/additives/resource/application-373","http://ec.europa.eu/semantic_webgate/dataset/additives/resource/categoryCode":"14.2.4","http://ec.europa.eu/semantic_webgate/dataset/additives/resource/hasLegislation":"http://ec.europa.eu/semantic_webgate/dataset/additives/resource/legislation-107","http://ec.europa.eu/semantic_webgate/dataset/additives/resource/hasCategory":"http://ec.europa.eu/semantic_webgate/dataset/additives/resource/category-14.2.4","@subject":"http://ec.europa.eu/semantic_webgate/dataset/additives/resource/applicationCategory-373-14.2.4"},{"@context":"http://ec.europa.eu/semantic_webgate/dataset/additives/resource/ApplicationCategory","http://ec.europa.eu/semantic_webgate/dataset/additives/resource/categoryName":"Entire fresh fruit and vegetables","http://ec.europa.eu/semantic_webgate/dataset/additives/resource/hasApplication":"http://ec.europa.eu/semantic_webgate/dataset/additives/resource/application-113","http://ec.europa.eu/semantic_webgate/dataset/additives/resource/refNumberAppProc":"2011/03","http://ec.europa.eu/semantic_webgate/dataset/additives/resource/categoryCode":"4.1.1","http://ec.europa.eu/semantic_webgate/dataset/additives/resource/hasLegislation":"http://ec.europa.eu/semantic_webgate/dataset/additives/resource/legislation-79","http://ec.europa.eu/semantic_webgate/dataset/additives/resource/hasCategory":"http://ec.europa.eu/semantic_webgate/dataset/additives/resource/category-4.1.1","@subject":"http://ec.europa.eu/semantic_webgate/dataset/additives/resource/applicationCategory-113-4.1.1"},{"@context":"http://ec.europa.eu/semantic_webgate/dataset/additives/resource/ApplicationCategory","http://ec.europa.eu/semantic_webgate/dataset/additives/resource/categoryName":"Fruit and vegetable preparations excluding compote","http://ec.europa.eu/semantic_webgate/dataset/additives/resource/hasApplication":"http://ec.europa.eu/semantic_webgate/dataset/additives/resource/application-363","http://ec.europa.eu/semantic_webgate/dataset/additives/resource/categoryCode":"04.2.4.1","http://ec.europa.eu/semantic_webgate/dataset/additives/resource/hasLegislation":"http://ec.europa.eu/semantic_webgate/dataset/additives/resource/legislation-108","http://ec.europa.eu/semantic_webgate/dataset/additives/resource/hasCategory":"http://ec.europa.eu/semantic_webgate/dataset/additives/resource/category-04.2.4.1","@subject":"http://ec.europa.eu/semantic_webgate/dataset/additives/resource/applicationCategory-363-04.2.4.1"},{"@context":"http://ec.europa.eu/semantic_webgate/dataset/additives/resource/ApplicationCategory","http://ec.europa.eu/semantic_webgate/dataset/additives/resource/categoryName":"Fruit and vegetable preparations excluding compote","http://ec.europa.eu/semantic_webgate/dataset/additives/resource/hasApplication":"http://ec.europa.eu/semantic_webgate/dataset/additives/resource/application-354","http://ec.europa.eu/semantic_webgate/dataset/additives/resource/refNumberAppProc":"2010/16","http://ec.europa.eu/semantic_webgate/dataset/additives/resource/categoryCode":"04.2.4.1","http://ec.europa.eu/semantic_webgate/dataset/additives/resource/hasLegislation":"http://ec.europa.eu/semantic_webgate/dataset/additives/resource/legislation-108","http://ec.europa.eu/semantic_webgate/dataset/additives/resource/hasCategory":"http://ec.europa.eu/semantic_webgate/dataset/additives/resource/category-04.2.4.1","@subject":"http://ec.europa.eu/semantic_webgate/dataset/additives/resource/applicationCategory-354-04.2.4.1"},{"@context":"http://ec.europa.eu/semantic_webgate/dataset/additives/resource/ApplicationCategory","http://ec.europa.eu/semantic_webgate/dataset/additives/resource/categoryName":"Soups and broths","http://ec.europa.eu/semantic_webgate/dataset/additives/resource/hasApplication":"http://ec.europa.eu/semantic_webgate/dataset/additives/resource/application-104","http://ec.europa.eu/semantic_webgate/dataset/additives/resource/refNumberAppProc":"Steviol glycosides","http://ec.europa.eu/semantic_webgate/dataset/additives/resource/hasLegislation":"http://ec.europa.eu/semantic_webgate/dataset/additives/resource/legislation-59","http://ec.europa.eu/semantic_webgate/dataset/additives/resource/categoryCode":"04.2.4.1","http://ec.europa.eu/semantic_webgate/dataset/additives/resource/hasCategory":"http://ec.europa.eu/semantic_webgate/dataset/additives/resource/category-15.1","@subject":"http://ec.europa.eu/semantic_webgate/dataset/additives/resource/applicationCategory-104-1.4"},{"@context":"http://ec.europa.eu/semantic_webgate/dataset/additives/resource/ApplicationCategory","http://ec.europa.eu/semantic_webgate/dataset/additives/resource/categoryName":"Fruit and vegetable preparations excluding compote","http://ec.europa.eu/semantic_webgate/dataset/additives/resource/hasApplication":"http://ec.europa.eu/semantic_webgate/dataset/additives/resource/application-362","http://ec.europa.eu/semantic_webgate/dataset/additives/resource/categoryCode":"04.2.4.1","http://ec.europa.eu/semantic_webgate/dataset/additives/resource/hasLegislation":"http://ec.europa.eu/semantic_webgate/dataset/additives/resource/legislation-108","http://ec.europa.eu/semantic_webgate/dataset/additives/resource/hasCategory":"http://ec.europa.eu/semantic_webgate/dataset/additives/resource/category-04.2.4.1","@subject":"http://ec.europa.eu/semantic_webgate/dataset/additives/resource/applicationCategory-362-04.2.4.1"},{"@context":"http://ec.europa.eu/semantic_webgate/dataset/additives/resource/ApplicationCategory","http://ec.europa.eu/semantic_webgate/dataset/additives/resource/categoryName":"Fruit and vegetable preparations excluding compote","http://ec.europa.eu/semantic_webgate/dataset/additives/resource/hasApplication":"http://ec.europa.eu/semantic_webgate/dataset/additives/resource/application-119","http://ec.europa.eu/semantic_webgate/dataset/additives/resource/refNumberAppProc":"2009/07","http://ec.europa.eu/semantic_webgate/dataset/additives/resource/categoryCode":"04.2.4.1","http://ec.europa.eu/semantic_webgate/dataset/additives/resource/hasLegislation":"http://ec.europa.eu/semantic_webgate/dataset/additives/resource/legislation-76","http://ec.europa.eu/semantic_webgate/dataset/additives/resource/hasCategory":"http://ec.europa.eu/semantic_webgate/dataset/additives/resource/category-04.2.4.1","@subject":"http://ec.europa.eu/semantic_webgate/dataset/additives/resource/applicationCategory-119-04.2.4.1"},{"@context":"http://ec.europa.eu/semantic_webgate/dataset/additives/resource/ApplicationCategory","http://ec.europa.eu/semantic_webgate/dataset/additives/resource/categoryName":"Other similar fruit or vegetable spreads","http://ec.europa.eu/semantic_webgate/dataset/additives/resource/hasApplication":"http://ec.europa.eu/semantic_webgate/dataset/additives/resource/application-389","http://ec.europa.eu/semantic_webgate/dataset/additives/resource/categoryCode":"04.2.5.3","http://ec.europa.eu/semantic_webgate/dataset/additives/resource/hasLegislation":"http://ec.europa.eu/semantic_webgate/dataset/additives/resource/legislation-109","http://ec.europa.eu/semantic_webgate/dataset/additives/resource/hasCategory":"http://ec.europa.eu/semantic_webgate/dataset/additives/resource/category-04.2.5.3","@subject":"http://ec.europa.eu/semantic_webgate/dataset/additives/resource/applicationCategory-389-04.2.5.3"},{"@context":"http://ec.europa.eu/semantic_webgate/dataset/additives/resource/ApplicationCategory","http://ec.europa.eu/semantic_webgate/dataset/additives/resource/categoryName":"Beer and malt beverages","http://ec.europa.eu/semantic_webgate/dataset/additives/resource/hasApplication":"http://ec.europa.eu/semantic_webgate/dataset/additives/resource/application-120","http://ec.europa.eu/semantic_webgate/dataset/additives/resource/refNumberAppProc":"2009/09","http://ec.europa.eu/semantic_webgate/dataset/additives/resource/categoryCode":"14.2.1","http://ec.europa.eu/semantic_webgate/dataset/additives/resource/hasLegislation":"http://ec.europa.eu/semantic_webgate/dataset/additives/resource/legislation-64","http://ec.europa.eu/semantic_webgate/dataset/additives/resource/hasCategory":"http://ec.europa.eu/semantic_webgate/dataset/additives/resource/category-14.2.1","@subject":"http://ec.europa.eu/semantic_webgate/dataset/additives/resource/applicationCategory-120-14.2.1"},{"@context":"http://ec.europa.eu/semantic_webgate/dataset/additives/resource/ApplicationCategory","http://ec.europa.eu/semantic_webgate/dataset/additives/resource/categoryName":"Fruit and vegetable preparations excluding compote","http://ec.europa.eu/semantic_webgate/dataset/additives/resource/hasApplication":"http://ec.europa.eu/semantic_webgate/dataset/additives/resource/application-135","http://ec.europa.eu/semantic_webgate/dataset/additives/resource/refNumberAppProc":"2011/09","http://ec.europa.eu/semantic_webgate/dataset/additives/resource/hasLegislation":"http://ec.europa.eu/semantic_webgate/dataset/additives/resource/legislation-108","http://ec.europa.eu/semantic_webgate/dataset/additives/resource/categoryCode":"6.4.5","http://ec.europa.eu/semantic_webgate/dataset/additives/resource/hasCategory":"http://ec.europa.eu/semantic_webgate/dataset/additives/resource/category-6.4.5","@subject":"http://ec.europa.eu/semantic_webgate/dataset/additives/resource/applicationCategory-135-6.4.5"},{"@context":"http://ec.europa.eu/semantic_webgate/dataset/additives/resource/ApplicationCategory","http://ec.europa.eu/semantic_webgate/dataset/additives/resource/categoryName":"Processed eggs and egg products","http://ec.europa.eu/semantic_webgate/dataset/additives/resource/hasApplication":"http://ec.europa.eu/semantic_webgate/dataset/additives/resource/application-219","http://ec.europa.eu/semantic_webgate/dataset/additives/resource/refNumberAppProc":"2009/14","http://ec.europa.eu/semantic_webgate/dataset/additives/resource/categoryCode":"10.2","http://ec.europa.eu/semantic_webgate/dataset/additives/resource/hasLegislation":"http://ec.europa.eu/semantic_webgate/dataset/additives/resource/legislation-78","http://ec.europa.eu/semantic_webgate/dataset/additives/resource/hasCategory":"http://ec.europa.eu/semantic_webgate/dataset/additives/resource/category-10.2","@subject":"http://ec.europa.eu/semantic_webgate/dataset/additives/resource/applicationCategory-219-10.2"},{"@context":"http://ec.europa.eu/semantic_webgate/dataset/additives/resource/ApplicationCategory","http://ec.europa.eu/semantic_webgate/dataset/additives/resource/categoryName":"Other alcoholic drinks including mixtures of alcoholic drinks with non-alcoholic drinks and spirits with less than 15 % of alcohol and","http://ec.europa.eu/semantic_webgate/dataset/additives/resource/hasApplication":"http://ec.europa.eu/semantic_webgate/dataset/additives/resource/application-161","http://ec.europa.eu/semantic_webgate/dataset/additives/resource/refNumberAppProc":"2011/17","http://ec.europa.eu/semantic_webgate/dataset/additives/resource/categoryCode":"14.2.8","http://ec.europa.eu/semantic_webgate/dataset/additives/resource/hasLegislation":"http://ec.europa.eu/semantic_webgate/dataset/additives/resource/legislation-107","http://ec.europa.eu/semantic_webgate/dataset/additives/resource/hasCategory":"http://ec.europa.eu/semantic_webgate/dataset/additives/resource/category-14.2.8","@subject":"http://ec.europa.eu/semantic_webgate/dataset/additives/resource/applicationCategory-161-14.2.8"},{"@context":"http://ec.europa.eu/semantic_webgate/dataset/additives/resource/ApplicationCategory","http://ec.europa.eu/semantic_webgate/dataset/additives/resource/categoryName":"Other alcoholic drinks including mixtures of alcoholic drinks with non-alcoholic drinks and spirits with less than 15 % of alcohol and","http://ec.europa.eu/semantic_webgate/dataset/additives/resource/hasApplication":"http://ec.europa.eu/semantic_webgate/dataset/additives/resource/application-374","http://ec.europa.eu/semantic_webgate/dataset/additives/resource/hasLegislation":"http://ec.europa.eu/semantic_webgate/dataset/additives/resource/legislation-107","http://ec.europa.eu/semantic_webgate/dataset/additives/resource/categoryCode":"14.2.8","http://ec.europa.eu/semantic_webgate/dataset/additives/resource/hasCategory":"http://ec.europa.eu/semantic_webgate/dataset/additives/resource/category-14.2.4","@subject":"http://ec.europa.eu/semantic_webgate/dataset/additives/resource/applicationCategory-374-14.2.4"},{"@context":"http://ec.europa.eu/semantic_webgate/dataset/additives/resource/ApplicationCategory","http://ec.europa.eu/semantic_webgate/dataset/additives/resource/categoryName":"Fruit and vegetable preparations excluding compote","http://ec.europa.eu/semantic_webgate/dataset/additives/resource/hasApplication":"http://ec.europa.eu/semantic_webgate/dataset/additives/resource/application-367","http://ec.europa.eu/semantic_webgate/dataset/additives/resource/categoryCode":"04.2.4.1","http://ec.europa.eu/semantic_webgate/dataset/additives/resource/hasLegislation":"http://ec.europa.eu/semantic_webgate/dataset/additives/resource/legislation-108","http://ec.europa.eu/semantic_webgate/dataset/additives/resource/hasCategory":"http://ec.europa.eu/semantic_webgate/dataset/additives/resource/category-04.2.4.1","@subject":"http://ec.europa.eu/semantic_webgate/dataset/additives/resource/applicationCategory-367-04.2.4.1"},{"@context":"http://ec.europa.eu/semantic_webgate/dataset/additives/resource/ApplicationCategory","http://ec.europa.eu/semantic_webgate/dataset/additives/resource/categoryName":"Entire fresh fruit and vegetables","http://ec.europa.eu/semantic_webgate/dataset/additives/resource/hasApplication":"http://ec.europa.eu/semantic_webgate/dataset/additives/resource/application-121","http://ec.europa.eu/semantic_webgate/dataset/additives/resource/refNumberAppProc":"2009/08  Shellac in boiled eggs","http://ec.europa.eu/semantic_webgate/dataset/additives/resource/hasLegislation":"http://ec.europa.eu/semantic_webgate/dataset/additives/resource/legislation-79","http://ec.europa.eu/semantic_webgate/dataset/additives/resource/categoryCode":"10.2","http://ec.europa.eu/semantic_webgate/dataset/additives/resource/hasCategory":"http://ec.europa.eu/semantic_webgate/dataset/additives/resource/category-4.1.1","@subject":"http://ec.europa.eu/semantic_webgate/dataset/additives/resource/applicationCategory-114-4.1.1"},{"@context":"http://ec.europa.eu/semantic_webgate/dataset/additives/resource/ApplicationCategory","http://ec.europa.eu/semantic_webgate/dataset/additives/resource/categoryName":"Fruit and vegetable preparations excluding compote","http://ec.europa.eu/semantic_webgate/dataset/additives/resource/hasApplication":"http://ec.europa.eu/semantic_webgate/dataset/additives/resource/application-355","http://ec.europa.eu/semantic_webgate/dataset/additives/resource/categoryCode":"04.2.4.1","http://ec.europa.eu/semantic_webgate/dataset/additives/resource/hasLegislation":"http://ec.europa.eu/semantic_webgate/dataset/additives/resource/legislation-108","http://ec.europa.eu/semantic_webgate/dataset/additives/resource/hasCategory":"http://ec.europa.eu/semantic_webgate/dataset/additives/resource/category-04.2.4.1","@subject":"http://ec.europa.eu/semantic_webgate/dataset/additives/resource/applicationCategory-355-04.2.4.1"},{"@context":"http://ec.europa.eu/semantic_webgate/dataset/additives/resource/ApplicationCategory","http://ec.europa.eu/semantic_webgate/dataset/additives/resource/categoryName":"Other alcoholic drinks including mixtures of alcoholic drinks with non-alcoholic drinks and spirits with less than 15 % of alcohol and","http://ec.europa.eu/semantic_webgate/dataset/additives/resource/hasApplication":"http://ec.europa.eu/semantic_webgate/dataset/additives/resource/application-380","http://ec.europa.eu/semantic_webgate/dataset/additives/resource/categoryCode":"14.2.8","http://ec.europa.eu/semantic_webgate/dataset/additives/resource/hasLegislation":"http://ec.europa.eu/semantic_webgate/dataset/additives/resource/legislation-107","http://ec.europa.eu/semantic_webgate/dataset/additives/resource/hasCategory":"http://ec.europa.eu/semantic_webgate/dataset/additives/resource/category-14.2.8","@subject":"http://ec.europa.eu/semantic_webgate/dataset/additives/resource/applicationCategory-380-14.2.8"},{"@context":"http://ec.europa.eu/semantic_webgate/dataset/additives/resource/ApplicationCategory","http://ec.europa.eu/semantic_webgate/dataset/additives/resource/categoryName":"Other similar fruit or vegetable spreads","http://ec.europa.eu/semantic_webgate/dataset/additives/resource/hasApplication":"http://ec.europa.eu/semantic_webgate/dataset/additives/resource/application-388","http://ec.europa.eu/semantic_webgate/dataset/additives/resource/categoryCode":"04.2.5.3","http://ec.europa.eu/semantic_webgate/dataset/additives/resource/hasLegislation":"http://ec.europa.eu/semantic_webgate/dataset/additives/resource/legislation-109","http://ec.europa.eu/semantic_webgate/dataset/additives/resource/hasCategory":"http://ec.europa.eu/semantic_webgate/dataset/additives/resource/category-04.2.5.3","@subject":"http://ec.europa.eu/semantic_webgate/dataset/additives/resource/applicationCategory-388-04.2.5.3"},{"@context":"http://ec.europa.eu/semantic_webgate/dataset/additives/resource/ApplicationCategory","http://ec.europa.eu/semantic_webgate/dataset/additives/resource/categoryName":"Fruit and vegetable preparations excluding compote","http://ec.europa.eu/semantic_webgate/dataset/additives/resource/hasApplication":"http://ec.europa.eu/semantic_webgate/dataset/additives/resource/application-364","http://ec.europa.eu/semantic_webgate/dataset/additives/resource/categoryCode":"04.2.4.1","http://ec.europa.eu/semantic_webgate/dataset/additives/resource/hasLegislation":"http://ec.europa.eu/semantic_webgate/dataset/additives/resource/legislation-108","http://ec.europa.eu/semantic_webgate/dataset/additives/resource/hasCategory":"http://ec.europa.eu/semantic_webgate/dataset/additives/resource/category-04.2.4.1","@subject":"http://ec.europa.eu/semantic_webgate/dataset/additives/resource/applicationCategory-364-04.2.4.1"},{"@context":"http://ec.europa.eu/semantic_webgate/dataset/additives/resource/ApplicationCategory","http://ec.europa.eu/semantic_webgate/dataset/additives/resource/categoryName":"Fruit and vegetable preparations excluding compote","http://ec.europa.eu/semantic_webgate/dataset/additives/resource/hasApplication":"http://ec.europa.eu/semantic_webgate/dataset/additives/resource/application-366","http://ec.europa.eu/semantic_webgate/dataset/additives/resource/categoryCode":"04.2.4.1","http://ec.europa.eu/semantic_webgate/dataset/additives/resource/hasLegislation":"http://ec.europa.eu/semantic_webgate/dataset/additives/resource/legislation-108","http://ec.europa.eu/semantic_webgate/dataset/additives/resource/hasCategory":"http://ec.europa.eu/semantic_webgate/dataset/additives/resource/category-04.2.4.1","@subject":"http://ec.europa.eu/semantic_webgate/dataset/additives/resource/applicationCategory-366-04.2.4.1"},{"@context":"http://ec.europa.eu/semantic_webgate/dataset/additives/resource/ApplicationCategory","http://ec.europa.eu/semantic_webgate/dataset/additives/resource/categoryName":"Other similar fruit or vegetable spreads","http://ec.europa.eu/semantic_webgate/dataset/additives/resource/hasApplication":"http://ec.europa.eu/semantic_webgate/dataset/additives/resource/application-386","http://ec.europa.eu/semantic_webgate/dataset/additives/resource/categoryCode":"04.2.5.3","http://ec.europa.eu/semantic_webgate/dataset/additives/resource/hasLegislation":"http://ec.europa.eu/semantic_webgate/dataset/additives/resource/legislation-109","http://ec.europa.eu/semantic_webgate/dataset/additives/resource/hasCategory":"http://ec.europa.eu/semantic_webgate/dataset/additives/resource/category-04.2.5.3","@subject":"http://ec.europa.eu/semantic_webgate/dataset/additives/resource/applicationCategory-386-04.2.5.3"},{"@context":"http://ec.europa.eu/semantic_webgate/dataset/additives/resource/ApplicationCategory","http://ec.europa.eu/semantic_webgate/dataset/additives/resource/categoryName":"Other alcoholic drinks including mixtures of alcoholic drinks with non-alcoholic drinks and spirits with less than 15 % of alcohol and","http://ec.europa.eu/semantic_webgate/dataset/additives/resource/hasApplication":"http://ec.europa.eu/semantic_webgate/dataset/additives/resource/application-377","http://ec.europa.eu/semantic_webgate/dataset/additives/resource/categoryCode":"14.2.8","http://ec.europa.eu/semantic_webgate/dataset/additives/resource/hasLegislation":"http://ec.europa.eu/semantic_webgate/dataset/additives/resource/legislation-107","http://ec.europa.eu/semantic_webgate/dataset/additives/resource/hasCategory":"http://ec.europa.eu/semantic_webgate/dataset/additives/resource/category-14.2.8","@subject":"http://ec.europa.eu/semantic_webgate/dataset/additives/resource/applicationCategory-377-14.2.8"},{"@context":"http://ec.europa.eu/semantic_webgate/dataset/additives/resource/ApplicationCategory","http://ec.europa.eu/semantic_webgate/dataset/additives/resource/categoryName":"Wine and other products defined by Regulation (EEC) No 1234/2007, and alcohol free counterparts","http://ec.europa.eu/semantic_webgate/dataset/additives/resource/hasApplication":"http://ec.europa.eu/semantic_webgate/dataset/additives/resource/application-124","http://ec.europa.eu/semantic_webgate/dataset/additives/resource/refNumberAppProc":"2010/03","http://ec.europa.eu/semantic_webgate/dataset/additives/resource/categoryCode":"14.2.2","http://ec.europa.eu/semantic_webgate/dataset/additives/resource/hasLegislation":"http://ec.europa.eu/semantic_webgate/dataset/additives/resource/legislation-93","http://ec.europa.eu/semantic_webgate/dataset/additives/resource/hasCategory":"http://ec.europa.eu/semantic_webgate/dataset/additives/resource/category-14.2.2","@subject":"http://ec.europa.eu/semantic_webgate/dataset/additives/resource/applicationCategory-124-14.2.2"},{"@context":"http://ec.europa.eu/semantic_webgate/dataset/additives/resource/ApplicationCategory","http://ec.europa.eu/semantic_webgate/dataset/additives/resource/categoryName":"Other alcoholic drinks including mixtures of alcoholic drinks with non-alcoholic drinks and spirits with less than 15 % of alcohol and","http://ec.europa.eu/semantic_webgate/dataset/additives/resource/hasApplication":"http://ec.europa.eu/semantic_webgate/dataset/additives/resource/application-379","http://ec.europa.eu/semantic_webgate/dataset/additives/resource/categoryCode":"14.2.8","http://ec.europa.eu/semantic_webgate/dataset/additives/resource/hasLegislation":"http://ec.europa.eu/semantic_webgate/dataset/additives/resource/legislation-107","http://ec.europa.eu/semantic_webgate/dataset/additives/resource/hasCategory":"http://ec.europa.eu/semantic_webgate/dataset/additives/resource/category-14.2.8","@subject":"http://ec.europa.eu/semantic_webgate/dataset/additives/resource/applicationCategory-379-14.2.8"},{"@context":"http://ec.europa.eu/semantic_webgate/dataset/additives/resource/ApplicationCategory","http://ec.europa.eu/semantic_webgate/dataset/additives/resource/categoryName":"Beer and malt beverages","http://ec.europa.eu/semantic_webgate/dataset/additives/resource/hasApplication":"http://ec.europa.eu/semantic_webgate/dataset/additives/resource/application-381","http://ec.europa.eu/semantic_webgate/dataset/additives/resource/refNumberAppProc":"2009/05","http://ec.europa.eu/semantic_webgate/dataset/additives/resource/hasLegislation":"http://ec.europa.eu/semantic_webgate/dataset/additives/resource/legislation-107","http://ec.europa.eu/semantic_webgate/dataset/additives/resource/categoryCode":"14.2.4","http://ec.europa.eu/semantic_webgate/dataset/additives/resource/hasCategory":"http://ec.europa.eu/semantic_webgate/dataset/additives/resource/category-14.2.1","@subject":"http://ec.europa.eu/semantic_webgate/dataset/additives/resource/applicationCategory-378-14.2.4"},{"@context":"http://ec.europa.eu/geninfo/LegalNotices","http://www.w3.org/2000/01/rdf-schema#label":{"en":"The information and data on this site is subject to a disclaimer, a copyright notice rules related to personal data protection and cookies.  For further information:   http://ec.europa.eu/geninfo/legal_notices_en.htm"},"@subject":"http://ec.europa.eu/geninfo/legal_notices_en.htm"}]}