{"items":[{"@context":"http://ec.europa.eu/semantic_webgate/dataset/additives/resource/Additive","http://ec.europa.eu/semantic_webgate/dataset/additives/resource/message":"Substance is included in E 551 - 559, see also authorisation for Group E 551 - 559","@subject":"http://ec.europa.eu/semantic_webgate/dataset/additives/resource/additive-262"},{"@context":"http://ec.europa.eu/semantic_webgate/dataset/additives/resource/Additive","http://ec.europa.eu/semantic_webgate/dataset/additives/resource/message":"Substance is included in E 150a-d, see also authorisation for Group E 150a-d","@subject":"http://ec.europa.eu/semantic_webgate/dataset/additives/resource/additive-22"},{"@context":"http://ec.europa.eu/semantic_webgate/dataset/additives/resource/Additive","http://ec.europa.eu/semantic_webgate/dataset/additives/resource/message":"Substance is included in Group I, see also authorisation for Group I","@subject":"http://ec.europa.eu/semantic_webgate/dataset/additives/resource/additive-126"},{"@context":"http://ec.europa.eu/semantic_webgate/dataset/additives/resource/Additive","http://ec.europa.eu/semantic_webgate/dataset/additives/resource/message":"Substance is included in E 520 - 523, see also authorisation for Group E 520 - 523","@subject":"http://ec.europa.eu/semantic_webgate/dataset/additives/resource/additive-239"},{"@context":"http://ec.europa.eu/semantic_webgate/dataset/additives/resource/Additive","http://ec.europa.eu/semantic_webgate/dataset/additives/resource/message":"Substance is included in Group I, see also authorisation for Group I","@subject":"http://ec.europa.eu/semantic_webgate/dataset/additives/resource/additive-116"},{"@context":"http://ec.europa.eu/semantic_webgate/dataset/additives/resource/Additive","http://ec.europa.eu/semantic_webgate/dataset/additives/resource/message":"Substance is included in Group I, see also authorisation for Group I","@subject":"http://ec.europa.eu/semantic_webgate/dataset/additives/resource/additive-99"},{"@context":"http://ec.europa.eu/semantic_webgate/dataset/additives/resource/Additive","http://ec.europa.eu/semantic_webgate/dataset/additives/resource/message":"Substance is included in Group I, see also authorisation for Group I","@subject":"http://ec.europa.eu/semantic_webgate/dataset/additives/resource/additive-191"},{"@context":"http://ec.europa.eu/semantic_webgate/dataset/additives/resource/Additive","http://ec.europa.eu/semantic_webgate/dataset/additives/resource/message":"Substance is included in Group I, see also authorisation for Group I","@subject":"http://ec.europa.eu/semantic_webgate/dataset/additives/resource/additive-98"},{"@context":"http://ec.europa.eu/semantic_webgate/dataset/additives/resource/Additive","http://ec.europa.eu/semantic_webgate/dataset/additives/resource/message":"Substance is included in E 620 - 625, see also authorisation for Group E 620 - 625","@subject":"http://ec.europa.eu/semantic_webgate/dataset/additives/resource/additive-278"},{"@context":"http://ec.europa.eu/semantic_webgate/dataset/additives/resource/Additive","http://ec.europa.eu/semantic_webgate/dataset/additives/resource/message":"Substance is included in Group I, see also authorisation for Group I","@subject":"http://ec.europa.eu/semantic_webgate/dataset/additives/resource/additive-202"},{"@context":"http://ec.europa.eu/semantic_webgate/dataset/additives/resource/Additive","http://ec.europa.eu/semantic_webgate/dataset/additives/resource/message":"Substance is included in E 400 - 404, see also authorisation for Group E 400 - 404","@subject":"http://ec.europa.eu/semantic_webgate/dataset/additives/resource/additive-150"},{"@context":"http://ec.europa.eu/semantic_webgate/dataset/additives/resource/Additive","http://ec.europa.eu/semantic_webgate/dataset/additives/resource/message":"Substance is included in E 251 - 252, see also authorisation for Group E 251 - 252","@subject":"http://ec.europa.eu/semantic_webgate/dataset/additives/resource/additive-79"},{"@context":"http://ec.europa.eu/semantic_webgate/dataset/additives/resource/Additive","http://ec.europa.eu/semantic_webgate/dataset/additives/resource/message":"Substance is included in E 355 - 357, see also authorisation for Group E 355 - 357","@subject":"http://ec.europa.eu/semantic_webgate/dataset/additives/resource/additive-140"},{"@context":"http://ec.europa.eu/semantic_webgate/dataset/additives/resource/Additive","http://ec.europa.eu/semantic_webgate/dataset/additives/resource/message":"Substance is included in Group I, see also authorisation for Group I","@subject":"http://ec.europa.eu/semantic_webgate/dataset/additives/resource/additive-268"},{"@context":"http://ec.europa.eu/semantic_webgate/dataset/additives/resource/Additive","http://ec.europa.eu/semantic_webgate/dataset/additives/resource/message":"Substance is included in Group I, see also authorisation for Group I","@subject":"http://ec.europa.eu/semantic_webgate/dataset/additives/resource/additive-84"},{"@context":"http://ec.europa.eu/semantic_webgate/dataset/additives/resource/Additive","http://ec.europa.eu/semantic_webgate/dataset/additives/resource/message":"Substance is included in Group III, see also authorisation for Group III","@subject":"http://ec.europa.eu/semantic_webgate/dataset/additives/resource/additive-21"},{"@context":"http://ec.europa.eu/semantic_webgate/dataset/additives/resource/Additive","http://ec.europa.eu/semantic_webgate/dataset/additives/resource/message":"Substance is included in Group I, see also authorisation for Group I","@subject":"http://ec.europa.eu/semantic_webgate/dataset/additives/resource/additive-341"},{"@context":"http://ec.europa.eu/semantic_webgate/dataset/additives/resource/Additive","http://ec.europa.eu/semantic_webgate/dataset/additives/resource/message":"Substance is included in E 491 - 495, see also authorisation for Group E 491 - 495","@subject":"http://ec.europa.eu/semantic_webgate/dataset/additives/resource/additive-216"},{"@context":"http://ec.europa.eu/semantic_webgate/dataset/additives/resource/Additive","http://ec.europa.eu/semantic_webgate/dataset/additives/resource/message":"Substance is included in Group I, see also authorisation for Group I","@subject":"http://ec.europa.eu/semantic_webgate/dataset/additives/resource/additive-125"},{"@context":"http://ec.europa.eu/semantic_webgate/dataset/additives/resource/Additive","http://ec.europa.eu/semantic_webgate/dataset/additives/resource/message":"Substance is included in Group I, see also authorisation for Group I","@subject":"http://ec.europa.eu/semantic_webgate/dataset/additives/resource/additive-263"},{"@context":"http://ec.europa.eu/semantic_webgate/dataset/additives/resource/Additive","http://ec.europa.eu/semantic_webgate/dataset/additives/resource/message":"Substance is included in E 520 - 523, see also authorisation for Group E 520 - 523","@subject":"http://ec.europa.eu/semantic_webgate/dataset/additives/resource/additive-238"},{"@context":"http://ec.europa.eu/semantic_webgate/dataset/additives/resource/Additive","http://ec.europa.eu/semantic_webgate/dataset/additives/resource/message":"Substance is included in E 220 - 228, see also authorisation for Group E 220 - 228","@subject":"http://ec.europa.eu/semantic_webgate/dataset/additives/resource/additive-63"},{"@context":"http://ec.europa.eu/semantic_webgate/dataset/additives/resource/Additive","http://ec.europa.eu/semantic_webgate/dataset/additives/resource/message":"Substance is included in Group I, see also authorisation for Group I","@subject":"http://ec.europa.eu/semantic_webgate/dataset/additives/resource/additive-228"},{"@context":"http://ec.europa.eu/semantic_webgate/dataset/additives/resource/Additive","http://ec.europa.eu/semantic_webgate/dataset/additives/resource/message":"Substance is included in Group I, see also authorisation for Group I","@subject":"http://ec.europa.eu/semantic_webgate/dataset/additives/resource/additive-177"},{"@context":"http://ec.europa.eu/semantic_webgate/dataset/additives/resource/Additive","http://ec.europa.eu/semantic_webgate/dataset/additives/resource/message":"Substance is included in Group I, see also authorisation for Group I","@subject":"http://ec.europa.eu/semantic_webgate/dataset/additives/resource/additive-115"},{"@context":"http://ec.europa.eu/semantic_webgate/dataset/additives/resource/Additive","http://ec.europa.eu/semantic_webgate/dataset/additives/resource/message":"Substance is included in E 551 - 559, see also authorisation for Group E 551 - 559","@subject":"http://ec.europa.eu/semantic_webgate/dataset/additives/resource/additive-253"},{"@context":"http://ec.europa.eu/semantic_webgate/dataset/additives/resource/Additive","http://ec.europa.eu/semantic_webgate/dataset/additives/resource/message":"Substance is included in Group I, see also authorisation for Group I","@subject":"http://ec.europa.eu/semantic_webgate/dataset/additives/resource/additive-97"},{"@context":"http://ec.europa.eu/semantic_webgate/dataset/additives/resource/Additive","http://ec.europa.eu/semantic_webgate/dataset/additives/resource/message":"Substance is included in Group I, see also authorisation for Group I","@subject":"http://ec.europa.eu/semantic_webgate/dataset/additives/resource/additive-301"},{"@context":"http://ec.europa.eu/semantic_webgate/dataset/additives/resource/Additive","http://ec.europa.eu/semantic_webgate/dataset/additives/resource/message":"Substance is included in E 626 - 635, see also authorisation for Group E 626 - 635","@subject":"http://ec.europa.eu/semantic_webgate/dataset/additives/resource/additive-279"},{"@context":"http://ec.europa.eu/semantic_webgate/dataset/additives/resource/Additive","http://ec.europa.eu/semantic_webgate/dataset/additives/resource/message":"Substance is included in Group II, see also authorisation for Group II","@subject":"http://ec.europa.eu/semantic_webgate/dataset/additives/resource/additive-32"},{"@context":"http://ec.europa.eu/semantic_webgate/dataset/additives/resource/Additive","http://ec.europa.eu/semantic_webgate/dataset/additives/resource/message":"Substance is included in E 249 - 250, see also authorisation for Group E 249 - 250","@subject":"http://ec.europa.eu/semantic_webgate/dataset/additives/resource/additive-78"},{"@context":"http://ec.europa.eu/semantic_webgate/dataset/additives/resource/Additive","http://ec.europa.eu/semantic_webgate/dataset/additives/resource/message":"Substance is included in E 473 - 474, see also authorisation for Group E 473 - 474","@subject":"http://ec.europa.eu/semantic_webgate/dataset/additives/resource/additive-203"},{"@context":"http://ec.europa.eu/semantic_webgate/dataset/additives/resource/Additive","http://ec.europa.eu/semantic_webgate/dataset/additives/resource/message":"Substance is included in Group I, see also authorisation for Group I","@subject":"http://ec.europa.eu/semantic_webgate/dataset/additives/resource/additive-83"},{"@context":"http://ec.europa.eu/semantic_webgate/dataset/additives/resource/Additive","http://ec.europa.eu/semantic_webgate/dataset/additives/resource/message":"Substance is included in Group I, see also authorisation for Group I","@subject":"http://ec.europa.eu/semantic_webgate/dataset/additives/resource/additive-167"},{"@context":"http://ec.europa.eu/semantic_webgate/dataset/additives/resource/Additive","http://ec.europa.eu/semantic_webgate/dataset/additives/resource/message":"Substance is included in Group IV, see also authorisation for Group IV","@subject":"http://ec.europa.eu/semantic_webgate/dataset/additives/resource/additive-322"},{"@context":"http://ec.europa.eu/semantic_webgate/dataset/additives/resource/Additive","http://ec.europa.eu/semantic_webgate/dataset/additives/resource/message":"Substance is included in Group I, see also authorisation for Group I","@subject":"http://ec.europa.eu/semantic_webgate/dataset/additives/resource/additive-342"},{"@context":"http://ec.europa.eu/semantic_webgate/dataset/additives/resource/Additive","http://ec.europa.eu/semantic_webgate/dataset/additives/resource/message":"Substance is included in E 491 - 495, see also authorisation for Group E 491 - 495","@subject":"http://ec.europa.eu/semantic_webgate/dataset/additives/resource/additive-217"},{"@context":"http://ec.europa.eu/semantic_webgate/dataset/additives/resource/Additive","http://ec.europa.eu/semantic_webgate/dataset/additives/resource/message":"Substance is included in Group I, see also authorisation for Group I","@subject":"http://ec.europa.eu/semantic_webgate/dataset/additives/resource/additive-166"},{"@context":"http://ec.europa.eu/semantic_webgate/dataset/additives/resource/Additive","http://ec.europa.eu/semantic_webgate/dataset/additives/resource/message":"Substance is included in Group I, see also authorisation for Group I","@subject":"http://ec.europa.eu/semantic_webgate/dataset/additives/resource/additive-100"},{"@context":"http://ec.europa.eu/semantic_webgate/dataset/additives/resource/Additive","http://ec.europa.eu/semantic_webgate/dataset/additives/resource/message":"Substance is included in Group I, see also authorisation for Group I","@subject":"http://ec.europa.eu/semantic_webgate/dataset/additives/resource/additive-264"},{"@context":"http://ec.europa.eu/semantic_webgate/dataset/additives/resource/Additive","http://ec.europa.eu/semantic_webgate/dataset/additives/resource/message":"Substance is included in Group III, see also authorisation for Group III","@subject":"http://ec.europa.eu/semantic_webgate/dataset/additives/resource/additive-34"},{"@context":"http://ec.europa.eu/semantic_webgate/dataset/additives/resource/Additive","http://ec.europa.eu/semantic_webgate/dataset/additives/resource/message":"Substance is included in E 310 - 321, see also authorisation for Group E 310 - 321","@subject":"http://ec.europa.eu/semantic_webgate/dataset/additives/resource/additive-114"},{"@context":"http://ec.europa.eu/semantic_webgate/dataset/additives/resource/Additive","http://ec.europa.eu/semantic_webgate/dataset/additives/resource/message":"Substance is included in E 535 - 538, see also authorisation for Group E 535 - 538","@subject":"http://ec.europa.eu/semantic_webgate/dataset/additives/resource/additive-250"},{"@context":"http://ec.europa.eu/semantic_webgate/dataset/additives/resource/Additive","http://ec.europa.eu/semantic_webgate/dataset/additives/resource/message":"Substance is included in Group I, see also authorisation for Group I","@subject":"http://ec.europa.eu/semantic_webgate/dataset/additives/resource/additive-227"},{"@context":"http://ec.europa.eu/semantic_webgate/dataset/additives/resource/Additive","http://ec.europa.eu/semantic_webgate/dataset/additives/resource/message":"Substance is included in E 249 - 250, see also authorisation for Group E 249 - 250","@subject":"http://ec.europa.eu/semantic_webgate/dataset/additives/resource/additive-76"},{"@context":"http://ec.europa.eu/semantic_webgate/dataset/additives/resource/Additive","http://ec.europa.eu/semantic_webgate/dataset/additives/resource/message":"Substance is included in Group I, see also authorisation for Group I","@subject":"http://ec.europa.eu/semantic_webgate/dataset/additives/resource/additive-266"},{"@context":"http://ec.europa.eu/semantic_webgate/dataset/additives/resource/Additive","http://ec.europa.eu/semantic_webgate/dataset/additives/resource/message":"Substance is included in Group I, see also authorisation for Group I","@subject":"http://ec.europa.eu/semantic_webgate/dataset/additives/resource/additive-86"},{"@context":"http://ec.europa.eu/semantic_webgate/dataset/additives/resource/Additive","http://ec.europa.eu/semantic_webgate/dataset/additives/resource/message":"Substance is included in E 220 - 228, see also authorisation for Group E 220 - 228","@subject":"http://ec.europa.eu/semantic_webgate/dataset/additives/resource/additive-67"},{"@context":"http://ec.europa.eu/semantic_webgate/dataset/additives/resource/Additive","http://ec.europa.eu/semantic_webgate/dataset/additives/resource/message":"Substance is included in E 491 - 495, see also authorisation for Group E 491 - 495","@subject":"http://ec.europa.eu/semantic_webgate/dataset/additives/resource/additive-214"},{"@context":"http://ec.europa.eu/semantic_webgate/dataset/additives/resource/Additive","http://ec.europa.eu/semantic_webgate/dataset/additives/resource/message":"Substance is included in E 220 - 228, see also authorisation for Group E 220 - 228","@subject":"http://ec.europa.eu/semantic_webgate/dataset/additives/resource/additive-65"},{"@context":"http://ec.europa.eu/semantic_webgate/dataset/additives/resource/Additive","http://ec.europa.eu/semantic_webgate/dataset/additives/resource/message":"Substance is included in Group IV, see also authorisation for Group IV","@subject":"http://ec.europa.eu/semantic_webgate/dataset/additives/resource/additive-165"},{"@context":"http://ec.europa.eu/semantic_webgate/dataset/additives/resource/Additive","http://ec.europa.eu/semantic_webgate/dataset/additives/resource/message":"Substance is included in E 338 - 341, E 343 and E 450 - 452, see also authorisation for Group E 338 - 341, E 343 and E 450 - 452","@subject":"http://ec.europa.eu/semantic_webgate/dataset/additives/resource/additive-127"},{"@context":"http://ec.europa.eu/semantic_webgate/dataset/additives/resource/Additive","http://ec.europa.eu/semantic_webgate/dataset/additives/resource/message":"Substance is included in Group I, see also authorisation for Group I","@subject":"http://ec.europa.eu/semantic_webgate/dataset/additives/resource/additive-265"},{"@context":"http://ec.europa.eu/semantic_webgate/dataset/additives/resource/Additive","http://ec.europa.eu/semantic_webgate/dataset/additives/resource/message":"Substance is included in Group I, see also authorisation for Group I","@subject":"http://ec.europa.eu/semantic_webgate/dataset/additives/resource/additive-190"},{"@context":"http://ec.europa.eu/semantic_webgate/dataset/additives/resource/Additive","http://ec.europa.eu/semantic_webgate/dataset/additives/resource/message":"Substance is included in Group III, see also authorisation for Group III","@subject":"http://ec.europa.eu/semantic_webgate/dataset/additives/resource/additive-35"},{"@context":"http://ec.europa.eu/semantic_webgate/dataset/additives/resource/Additive","http://ec.europa.eu/semantic_webgate/dataset/additives/resource/message":"Substance is included in E 310 - 321, see also authorisation for Group E 310 - 321","@subject":"http://ec.europa.eu/semantic_webgate/dataset/additives/resource/additive-113"},{"@context":"http://ec.europa.eu/semantic_webgate/dataset/additives/resource/Additive","http://ec.europa.eu/semantic_webgate/dataset/additives/resource/message":"Substance is included in E 535 - 538, see also authorisation for Group E 535 - 538","@subject":"http://ec.europa.eu/semantic_webgate/dataset/additives/resource/additive-251"},{"@context":"http://ec.europa.eu/semantic_webgate/dataset/additives/resource/Additive","http://ec.europa.eu/semantic_webgate/dataset/additives/resource/message":"Substance is included in Group I, see also authorisation for Group I","@subject":"http://ec.europa.eu/semantic_webgate/dataset/additives/resource/additive-226"},{"@context":"http://ec.europa.eu/semantic_webgate/dataset/additives/resource/Additive","http://ec.europa.eu/semantic_webgate/dataset/additives/resource/message":"Substance is included in Group I, see also authorisation for Group I","@subject":"http://ec.europa.eu/semantic_webgate/dataset/additives/resource/additive-290"},{"@context":"http://ec.europa.eu/semantic_webgate/dataset/additives/resource/Additive","http://ec.europa.eu/semantic_webgate/dataset/additives/resource/message":"Substance is included in E 400 - 404, see also authorisation for Group E 400 - 404","@subject":"http://ec.europa.eu/semantic_webgate/dataset/additives/resource/additive-151"},{"@context":"http://ec.europa.eu/semantic_webgate/dataset/additives/resource/Additive","http://ec.europa.eu/semantic_webgate/dataset/additives/resource/message":"Substance is included in Group I, see also authorisation for Group I","@subject":"http://ec.europa.eu/semantic_webgate/dataset/additives/resource/additive-310"},{"@context":"http://ec.europa.eu/semantic_webgate/dataset/additives/resource/Additive","http://ec.europa.eu/semantic_webgate/dataset/additives/resource/message":"Substance is included in E 473 - 474, see also authorisation for Group E 473 - 474","@subject":"http://ec.europa.eu/semantic_webgate/dataset/additives/resource/additive-205"},{"@context":"http://ec.europa.eu/semantic_webgate/dataset/additives/resource/Additive","http://ec.europa.eu/semantic_webgate/dataset/additives/resource/message":"Substance is included in Group I, see also authorisation for Group I","@subject":"http://ec.europa.eu/semantic_webgate/dataset/additives/resource/additive-95"},{"@context":"http://ec.europa.eu/semantic_webgate/dataset/additives/resource/Additive","http://ec.europa.eu/semantic_webgate/dataset/additives/resource/message":"Substance is included in Group I, see also authorisation for Group I","@subject":"http://ec.europa.eu/semantic_webgate/dataset/additives/resource/additive-267"},{"@context":"http://ec.europa.eu/semantic_webgate/dataset/additives/resource/Additive","http://ec.europa.eu/semantic_webgate/dataset/additives/resource/message":"Substance is included in Group I, see also authorisation for Group I","@subject":"http://ec.europa.eu/semantic_webgate/dataset/additives/resource/additive-85"},{"@context":"http://ec.europa.eu/semantic_webgate/dataset/additives/resource/Additive","http://ec.europa.eu/semantic_webgate/dataset/additives/resource/message":"Substance is included in Group II, see also authorisation for Group II","@subject":"http://ec.europa.eu/semantic_webgate/dataset/additives/resource/additive-20"},{"@context":"http://ec.europa.eu/semantic_webgate/dataset/additives/resource/Additive","http://ec.europa.eu/semantic_webgate/dataset/additives/resource/message":"Substance is included in Group I, see also authorisation for Group I","@subject":"http://ec.europa.eu/semantic_webgate/dataset/additives/resource/additive-340"},{"@context":"http://ec.europa.eu/semantic_webgate/dataset/additives/resource/Additive","http://ec.europa.eu/semantic_webgate/dataset/additives/resource/message":"Substance is included in E 220 - 228, see also authorisation for Group E 220 - 228","@subject":"http://ec.europa.eu/semantic_webgate/dataset/additives/resource/additive-66"},{"@context":"http://ec.europa.eu/semantic_webgate/dataset/additives/resource/Additive","http://ec.europa.eu/semantic_webgate/dataset/additives/resource/message":"Substance is included in E 432 - 436, see also authorisation for Group E 432 - 436","@subject":"http://ec.europa.eu/semantic_webgate/dataset/additives/resource/additive-174"},{"@context":"http://ec.europa.eu/semantic_webgate/dataset/additives/resource/Additive","http://ec.europa.eu/semantic_webgate/dataset/additives/resource/message":"Substance is included in E 338 - 341, E 343 and E 450 - 452, see also authorisation for Group E 338 - 341, E 343 and E 450 - 452","@subject":"http://ec.europa.eu/semantic_webgate/dataset/additives/resource/additive-181"},{"@context":"http://ec.europa.eu/semantic_webgate/dataset/additives/resource/Additive","http://ec.europa.eu/semantic_webgate/dataset/additives/resource/message":"Substance is included in E 310 - 321, see also authorisation for Group E 310 - 321","@subject":"http://ec.europa.eu/semantic_webgate/dataset/additives/resource/additive-112"},{"@context":"http://ec.europa.eu/semantic_webgate/dataset/additives/resource/Additive","http://ec.europa.eu/semantic_webgate/dataset/additives/resource/message":"Substance is included in E 280 - 283, see also authorisation for Group E 280 - 283","@subject":"http://ec.europa.eu/semantic_webgate/dataset/additives/resource/additive-89"},{"@context":"http://ec.europa.eu/semantic_webgate/dataset/additives/resource/Additive","http://ec.europa.eu/semantic_webgate/dataset/additives/resource/message":"Substance is included in Group II, see also authorisation for Group II","@subject":"http://ec.europa.eu/semantic_webgate/dataset/additives/resource/additive-6"},{"@context":"http://ec.europa.eu/semantic_webgate/dataset/additives/resource/Additive","http://ec.europa.eu/semantic_webgate/dataset/additives/resource/message":"Substance is included in Group I, see also authorisation for Group I","@subject":"http://ec.europa.eu/semantic_webgate/dataset/additives/resource/additive-195"},{"@context":"http://ec.europa.eu/semantic_webgate/dataset/additives/resource/Additive","http://ec.europa.eu/semantic_webgate/dataset/additives/resource/message":"Substance is included in E 214 - 219, see also authorisation for Group E 214 - 219","@subject":"http://ec.europa.eu/semantic_webgate/dataset/additives/resource/additive-60"},{"@context":"http://ec.europa.eu/semantic_webgate/dataset/additives/resource/Additive","http://ec.europa.eu/semantic_webgate/dataset/additives/resource/message":"Substance is included in Group I, see also authorisation for Group I","@subject":"http://ec.europa.eu/semantic_webgate/dataset/additives/resource/additive-345"},{"@context":"http://ec.europa.eu/semantic_webgate/dataset/additives/resource/Additive","http://ec.europa.eu/semantic_webgate/dataset/additives/resource/message":"Substance is included in Group III, see also authorisation for Group III","@subject":"http://ec.europa.eu/semantic_webgate/dataset/additives/resource/additive-16"},{"@context":"http://ec.europa.eu/semantic_webgate/dataset/additives/resource/Additive","http://ec.europa.eu/semantic_webgate/dataset/additives/resource/message":"Substance is included in E 150a-d, see also authorisation for Group E 150a-d","@subject":"http://ec.europa.eu/semantic_webgate/dataset/additives/resource/additive-26"},{"@context":"http://ec.europa.eu/semantic_webgate/dataset/additives/resource/Additive","http://ec.europa.eu/semantic_webgate/dataset/additives/resource/message":"Substance is included in Group IV, see also authorisation for Group IV","@subject":"http://ec.europa.eu/semantic_webgate/dataset/additives/resource/additive-164"},{"@context":"http://ec.europa.eu/semantic_webgate/dataset/additives/resource/Additive","http://ec.europa.eu/semantic_webgate/dataset/additives/resource/message":"Substance is included in Group I, see also authorisation for Group I","@subject":"http://ec.europa.eu/semantic_webgate/dataset/additives/resource/additive-102"},{"@context":"http://ec.europa.eu/semantic_webgate/dataset/additives/resource/Additive","http://ec.europa.eu/semantic_webgate/dataset/additives/resource/message":"Substance is included in E 200 - 219, see also authorisation for Group E 200 - 219","@subject":"http://ec.europa.eu/semantic_webgate/dataset/additives/resource/additive-46"},{"@context":"http://ec.europa.eu/semantic_webgate/dataset/additives/resource/Additive","http://ec.europa.eu/semantic_webgate/dataset/additives/resource/message":"Substance is included in Group I, see also authorisation for Group I","@subject":"http://ec.europa.eu/semantic_webgate/dataset/additives/resource/additive-122"},{"@context":"http://ec.europa.eu/semantic_webgate/dataset/additives/resource/Additive","http://ec.europa.eu/semantic_webgate/dataset/additives/resource/message":"Substance is included in Group I, see also authorisation for Group I","@subject":"http://ec.europa.eu/semantic_webgate/dataset/additives/resource/additive-154"},{"@context":"http://ec.europa.eu/semantic_webgate/dataset/additives/resource/Additive","http://ec.europa.eu/semantic_webgate/dataset/additives/resource/message":"Substance is included in E 210 - 213, see also authorisation for Group E 210 - 213","@subject":"http://ec.europa.eu/semantic_webgate/dataset/additives/resource/additive-56"},{"@context":"http://ec.europa.eu/semantic_webgate/dataset/additives/resource/Additive","http://ec.europa.eu/semantic_webgate/dataset/additives/resource/message":"Substance is included in Group I, see also authorisation for Group I","@subject":"http://ec.europa.eu/semantic_webgate/dataset/additives/resource/additive-306"},{"@context":"http://ec.europa.eu/semantic_webgate/dataset/additives/resource/Additive","http://ec.europa.eu/semantic_webgate/dataset/additives/resource/message":"Substance is included in Group II, see also authorisation for Group II","@subject":"http://ec.europa.eu/semantic_webgate/dataset/additives/resource/additive-37"},{"@context":"http://ec.europa.eu/semantic_webgate/dataset/additives/resource/Additive","http://ec.europa.eu/semantic_webgate/dataset/additives/resource/message":"Substance is included in E 432 - 436, see also authorisation for Group E 432 - 436","@subject":"http://ec.europa.eu/semantic_webgate/dataset/additives/resource/additive-173"},{"@context":"http://ec.europa.eu/semantic_webgate/dataset/additives/resource/Additive","http://ec.europa.eu/semantic_webgate/dataset/additives/resource/message":"Substance is included in E 338 - 341, E 343 and E 450 - 452, see also authorisation for Group E 338 - 341, E 343 and E 450 - 452","@subject":"http://ec.europa.eu/semantic_webgate/dataset/additives/resource/additive-182"},{"@context":"http://ec.europa.eu/semantic_webgate/dataset/additives/resource/Additive","http://ec.europa.eu/semantic_webgate/dataset/additives/resource/message":"Substance is included in Group III, see also authorisation for Group III","@subject":"http://ec.europa.eu/semantic_webgate/dataset/additives/resource/additive-7"},{"@context":"http://ec.europa.eu/semantic_webgate/dataset/additives/resource/Additive","http://ec.europa.eu/semantic_webgate/dataset/additives/resource/message":"Substance is included in Group III, see also authorisation for Group III","@subject":"http://ec.europa.eu/semantic_webgate/dataset/additives/resource/additive-17"},{"@context":"http://ec.europa.eu/semantic_webgate/dataset/additives/resource/Additive","http://ec.europa.eu/semantic_webgate/dataset/additives/resource/message":"Substance is included in Group III, see also authorisation for Group III","@subject":"http://ec.europa.eu/semantic_webgate/dataset/additives/resource/additive-27"},{"@context":"http://ec.europa.eu/semantic_webgate/dataset/additives/resource/Additive","http://ec.europa.eu/semantic_webgate/dataset/additives/resource/message":"Substance is included in Group I, see also authorisation for Group I","@subject":"http://ec.europa.eu/semantic_webgate/dataset/additives/resource/additive-163"},{"@context":"http://ec.europa.eu/semantic_webgate/dataset/additives/resource/Additive","http://ec.europa.eu/semantic_webgate/dataset/additives/resource/message":"Substance is included in Group I, see also authorisation for Group I","@subject":"http://ec.europa.eu/semantic_webgate/dataset/additives/resource/additive-196"},{"@context":"http://ec.europa.eu/semantic_webgate/dataset/additives/resource/Additive","http://ec.europa.eu/semantic_webgate/dataset/additives/resource/message":"Substance is included in Group I, see also authorisation for Group I","@subject":"http://ec.europa.eu/semantic_webgate/dataset/additives/resource/additive-101"},{"@context":"http://ec.europa.eu/semantic_webgate/dataset/additives/resource/Additive","http://ec.europa.eu/semantic_webgate/dataset/additives/resource/message":"Substance is included in Group I, see also authorisation for Group I","@subject":"http://ec.europa.eu/semantic_webgate/dataset/additives/resource/additive-121"},{"@context":"http://ec.europa.eu/semantic_webgate/dataset/additives/resource/Additive","http://ec.europa.eu/semantic_webgate/dataset/additives/resource/message":"Substance is included in E 280 - 283, see also authorisation for Group E 280 - 283","@subject":"http://ec.europa.eu/semantic_webgate/dataset/additives/resource/additive-87"},{"@context":"http://ec.europa.eu/semantic_webgate/dataset/additives/resource/Additive","http://ec.europa.eu/semantic_webgate/dataset/additives/resource/message":"Substance is included in Group I, see also authorisation for Group I","@subject":"http://ec.europa.eu/semantic_webgate/dataset/additives/resource/additive-143"},{"@context":"http://ec.europa.eu/semantic_webgate/dataset/additives/resource/Additive","http://ec.europa.eu/semantic_webgate/dataset/additives/resource/message":"Substance is included in Group I, see also authorisation for Group I","@subject":"http://ec.europa.eu/semantic_webgate/dataset/additives/resource/additive-153"},{"@context":"http://ec.europa.eu/semantic_webgate/dataset/additives/resource/Additive","http://ec.europa.eu/semantic_webgate/dataset/additives/resource/message":"Substance is included in Group I, see also authorisation for Group I","@subject":"http://ec.europa.eu/semantic_webgate/dataset/additives/resource/additive-305"},{"@context":"http://ec.europa.eu/semantic_webgate/dataset/additives/resource/Additive","http://ec.europa.eu/semantic_webgate/dataset/additives/resource/message":"Substance is included in E 210 - 213, see also authorisation for Group E 210 - 213","@subject":"http://ec.europa.eu/semantic_webgate/dataset/additives/resource/additive-57"},{"@context":"http://ec.europa.eu/semantic_webgate/dataset/additives/resource/Additive","http://ec.europa.eu/semantic_webgate/dataset/additives/resource/message":"Substance is included in E 626 - 635, see also authorisation for Group E 626 - 635","@subject":"http://ec.europa.eu/semantic_webgate/dataset/additives/resource/additive-281"},{"@context":"http://ec.europa.eu/semantic_webgate/dataset/additives/resource/Additive","http://ec.europa.eu/semantic_webgate/dataset/additives/resource/message":"Substance is included in Group I, see also authorisation for Group I","@subject":"http://ec.europa.eu/semantic_webgate/dataset/additives/resource/additive-156"},{"@context":"http://ec.europa.eu/semantic_webgate/dataset/additives/resource/Additive","http://ec.europa.eu/semantic_webgate/dataset/additives/resource/message":"Substance is included in E 338 - 341, E 343 and E 450 - 452, see also authorisation for Group E 338 - 341, E 343 and E 450 - 452","@subject":"http://ec.europa.eu/semantic_webgate/dataset/additives/resource/additive-183"},{"@context":"http://ec.europa.eu/semantic_webgate/dataset/additives/resource/Additive","http://ec.europa.eu/semantic_webgate/dataset/additives/resource/message":"Substance is included in E 432 - 436, see also authorisation for Group E 432 - 436","@subject":"http://ec.europa.eu/semantic_webgate/dataset/additives/resource/additive-176"},{"@context":"http://ec.europa.eu/semantic_webgate/dataset/additives/resource/Additive","http://ec.europa.eu/semantic_webgate/dataset/additives/resource/message":"Substance is included in Group II, see also authorisation for Group II","@subject":"http://ec.europa.eu/semantic_webgate/dataset/additives/resource/additive-38"},{"@context":"http://ec.europa.eu/semantic_webgate/dataset/additives/resource/Additive","http://ec.europa.eu/semantic_webgate/dataset/additives/resource/message":"Substance is included in E 214 - 219, see also authorisation for Group E 214 - 219","@subject":"http://ec.europa.eu/semantic_webgate/dataset/additives/resource/additive-62"},{"@context":"http://ec.europa.eu/semantic_webgate/dataset/additives/resource/Additive","http://ec.europa.eu/semantic_webgate/dataset/additives/resource/message":"Substance is included in E 551 - 559, see also authorisation for Group E 551 - 559","@subject":"http://ec.europa.eu/semantic_webgate/dataset/additives/resource/additive-260"},{"@context":"http://ec.europa.eu/semantic_webgate/dataset/additives/resource/Additive","http://ec.europa.eu/semantic_webgate/dataset/additives/resource/message":"Substance is included in Group III, see also authorisation for Group III","@subject":"http://ec.europa.eu/semantic_webgate/dataset/additives/resource/additive-18"},{"@context":"http://ec.europa.eu/semantic_webgate/dataset/additives/resource/Additive","http://ec.europa.eu/semantic_webgate/dataset/additives/resource/message":"Substance is included in Group I, see also authorisation for Group I","@subject":"http://ec.europa.eu/semantic_webgate/dataset/additives/resource/additive-162"},{"@context":"http://ec.europa.eu/semantic_webgate/dataset/additives/resource/Additive","http://ec.europa.eu/semantic_webgate/dataset/additives/resource/message":"Substance is included in Group I, see also authorisation for Group I","@subject":"http://ec.europa.eu/semantic_webgate/dataset/additives/resource/additive-124"},{"@context":"http://ec.europa.eu/semantic_webgate/dataset/additives/resource/Additive","http://ec.europa.eu/semantic_webgate/dataset/additives/resource/message":"Substance is included in Group I, see also authorisation for Group I","@subject":"http://ec.europa.eu/semantic_webgate/dataset/additives/resource/additive-193"},{"@context":"http://ec.europa.eu/semantic_webgate/dataset/additives/resource/Additive","http://ec.europa.eu/semantic_webgate/dataset/additives/resource/message":"Substance is included in E 150a-d, see also authorisation for Group E 150a-d","@subject":"http://ec.europa.eu/semantic_webgate/dataset/additives/resource/additive-24"},{"@context":"http://ec.europa.eu/semantic_webgate/dataset/additives/resource/Additive","http://ec.europa.eu/semantic_webgate/dataset/additives/resource/message":"Substance is included in Group I, see also authorisation for Group I","@subject":"http://ec.europa.eu/semantic_webgate/dataset/additives/resource/additive-343"},{"@context":"http://ec.europa.eu/semantic_webgate/dataset/additives/resource/Additive","http://ec.europa.eu/semantic_webgate/dataset/additives/resource/message":"Substance is included in E 491 - 495, see also authorisation for Group E 491 - 495","@subject":"http://ec.europa.eu/semantic_webgate/dataset/additives/resource/additive-218"},{"@context":"http://ec.europa.eu/semantic_webgate/dataset/additives/resource/Additive","http://ec.europa.eu/semantic_webgate/dataset/additives/resource/message":"Substance is included in E 524 - 528, see also authorisation for Group E 524 - 528","@subject":"http://ec.europa.eu/semantic_webgate/dataset/additives/resource/additive-240"},{"@context":"http://ec.europa.eu/semantic_webgate/dataset/additives/resource/Additive","http://ec.europa.eu/semantic_webgate/dataset/additives/resource/message":"Substance is included in Group I, see also authorisation for Group I","@subject":"http://ec.europa.eu/semantic_webgate/dataset/additives/resource/additive-104"},{"@context":"http://ec.europa.eu/semantic_webgate/dataset/additives/resource/Additive","http://ec.europa.eu/semantic_webgate/dataset/additives/resource/message":"Substance is included in E 214 - 219, see also authorisation for Group E 214 - 219","@subject":"http://ec.europa.eu/semantic_webgate/dataset/additives/resource/additive-58"},{"@context":"http://ec.europa.eu/semantic_webgate/dataset/additives/resource/Additive","http://ec.europa.eu/semantic_webgate/dataset/additives/resource/message":"Substance is included in Group I, see also authorisation for Group I","@subject":"http://ec.europa.eu/semantic_webgate/dataset/additives/resource/additive-304"},{"@context":"http://ec.europa.eu/semantic_webgate/dataset/additives/resource/Additive","http://ec.europa.eu/semantic_webgate/dataset/additives/resource/message":"Substance is included in E 220 - 228, see also authorisation for Group E 220 - 228","@subject":"http://ec.europa.eu/semantic_webgate/dataset/additives/resource/additive-71"},{"@context":"http://ec.europa.eu/semantic_webgate/dataset/additives/resource/Additive","http://ec.europa.eu/semantic_webgate/dataset/additives/resource/message":"Substance is included in E 432 - 436, see also authorisation for Group E 432 - 436","@subject":"http://ec.europa.eu/semantic_webgate/dataset/additives/resource/additive-175"},{"@context":"http://ec.europa.eu/semantic_webgate/dataset/additives/resource/Additive","http://ec.europa.eu/semantic_webgate/dataset/additives/resource/message":"Substance is included in Group II, see also authorisation for Group II","@subject":"http://ec.europa.eu/semantic_webgate/dataset/additives/resource/additive-39"},{"@context":"http://ec.europa.eu/semantic_webgate/dataset/additives/resource/Additive","http://ec.europa.eu/semantic_webgate/dataset/additives/resource/message":"Substance is included in Group II, see also authorisation for Group II","@subject":"http://ec.europa.eu/semantic_webgate/dataset/additives/resource/additive-19"},{"@context":"http://ec.europa.eu/semantic_webgate/dataset/additives/resource/Additive","http://ec.europa.eu/semantic_webgate/dataset/additives/resource/message":"Substance is included in E 214 - 219, see also authorisation for Group E 214 - 219","@subject":"http://ec.europa.eu/semantic_webgate/dataset/additives/resource/additive-61"},{"@context":"http://ec.europa.eu/semantic_webgate/dataset/additives/resource/Additive","http://ec.europa.eu/semantic_webgate/dataset/additives/resource/message":"Substance is included in Group I, see also authorisation for Group I","@subject":"http://ec.europa.eu/semantic_webgate/dataset/additives/resource/additive-194"},{"@context":"http://ec.europa.eu/semantic_webgate/dataset/additives/resource/Additive","http://ec.europa.eu/semantic_webgate/dataset/additives/resource/message":"Substance is included in Group I, see also authorisation for Group I","@subject":"http://ec.europa.eu/semantic_webgate/dataset/additives/resource/additive-344"},{"@context":"http://ec.europa.eu/semantic_webgate/dataset/additives/resource/Additive","http://ec.europa.eu/semantic_webgate/dataset/additives/resource/message":"Substance is included in Group I, see also authorisation for Group I","@subject":"http://ec.europa.eu/semantic_webgate/dataset/additives/resource/additive-123"},{"@context":"http://ec.europa.eu/semantic_webgate/dataset/additives/resource/Additive","http://ec.europa.eu/semantic_webgate/dataset/additives/resource/message":"Substance is included in E 150a-d, see also authorisation for Group E 150a-d","@subject":"http://ec.europa.eu/semantic_webgate/dataset/additives/resource/additive-25"},{"@context":"http://ec.europa.eu/semantic_webgate/dataset/additives/resource/Additive","http://ec.europa.eu/semantic_webgate/dataset/additives/resource/message":"Substance is included in E 355 - 357, see also authorisation for Group E 355 - 357","@subject":"http://ec.europa.eu/semantic_webgate/dataset/additives/resource/additive-141"},{"@context":"http://ec.europa.eu/semantic_webgate/dataset/additives/resource/Additive","http://ec.europa.eu/semantic_webgate/dataset/additives/resource/message":"Substance is included in Group I, see also authorisation for Group I","@subject":"http://ec.europa.eu/semantic_webgate/dataset/additives/resource/additive-103"},{"@context":"http://ec.europa.eu/semantic_webgate/dataset/additives/resource/Additive","http://ec.europa.eu/semantic_webgate/dataset/additives/resource/message":"Substance is included in Group I, see also authorisation for Group I","@subject":"http://ec.europa.eu/semantic_webgate/dataset/additives/resource/additive-303"},{"@context":"http://ec.europa.eu/semantic_webgate/dataset/additives/resource/Additive","http://ec.europa.eu/semantic_webgate/dataset/additives/resource/message":"Substance is included in E 491 - 495, see also authorisation for Group E 491 - 495","@subject":"http://ec.europa.eu/semantic_webgate/dataset/additives/resource/additive-219"},{"@context":"http://ec.europa.eu/semantic_webgate/dataset/additives/resource/Additive","http://ec.europa.eu/semantic_webgate/dataset/additives/resource/message":"Substance is included in Group I, see also authorisation for Group I","@subject":"http://ec.europa.eu/semantic_webgate/dataset/additives/resource/additive-155"},{"@context":"http://ec.europa.eu/semantic_webgate/dataset/additives/resource/Additive","http://ec.europa.eu/semantic_webgate/dataset/additives/resource/message":"Substance is included in Group IV, see also authorisation for Group IV","@subject":"http://ec.europa.eu/semantic_webgate/dataset/additives/resource/additive-315"},{"@context":"http://ec.europa.eu/semantic_webgate/dataset/additives/resource/Additive","http://ec.europa.eu/semantic_webgate/dataset/additives/resource/message":"Substance is included in Group I, see also authorisation for Group I","@subject":"http://ec.europa.eu/semantic_webgate/dataset/additives/resource/additive-329"},{"@context":"http://ec.europa.eu/semantic_webgate/dataset/additives/resource/Additive","http://ec.europa.eu/semantic_webgate/dataset/additives/resource/message":"Substance is included in E 551 - 559, see also authorisation for Group E 551 - 559","@subject":"http://ec.europa.eu/semantic_webgate/dataset/additives/resource/additive-259"},{"@context":"http://ec.europa.eu/semantic_webgate/dataset/additives/resource/Additive","http://ec.europa.eu/semantic_webgate/dataset/additives/resource/message":"Substance is included in Group I, see also authorisation for Group I","@subject":"http://ec.europa.eu/semantic_webgate/dataset/additives/resource/additive-231"},{"@context":"http://ec.europa.eu/semantic_webgate/dataset/additives/resource/Additive","http://ec.europa.eu/semantic_webgate/dataset/additives/resource/message":"Substance is included in Group I, see also authorisation for Group I","@subject":"http://ec.europa.eu/semantic_webgate/dataset/additives/resource/additive-160"},{"@context":"http://ec.europa.eu/semantic_webgate/dataset/additives/resource/Additive","http://ec.europa.eu/semantic_webgate/dataset/additives/resource/message":"Substance is included in Group II, see also authorisation for Group II","@subject":"http://ec.europa.eu/semantic_webgate/dataset/additives/resource/additive-41"},{"@context":"http://ec.europa.eu/semantic_webgate/dataset/additives/resource/Additive","http://ec.europa.eu/semantic_webgate/dataset/additives/resource/message":"Substance is included in Group I, see also authorisation for Group I","@subject":"http://ec.europa.eu/semantic_webgate/dataset/additives/resource/additive-199"},{"@context":"http://ec.europa.eu/semantic_webgate/dataset/additives/resource/Additive","http://ec.europa.eu/semantic_webgate/dataset/additives/resource/message":"Substance is included in Group I, see also authorisation for Group I","@subject":"http://ec.europa.eu/semantic_webgate/dataset/additives/resource/additive-135"},{"@context":"http://ec.europa.eu/semantic_webgate/dataset/additives/resource/Additive","http://ec.europa.eu/semantic_webgate/dataset/additives/resource/message":"Substance is included in E 200 - 219, see also authorisation for Group E 200 - 219","@subject":"http://ec.europa.eu/semantic_webgate/dataset/additives/resource/additive-51"},{"@context":"http://ec.europa.eu/semantic_webgate/dataset/additives/resource/Additive","http://ec.europa.eu/semantic_webgate/dataset/additives/resource/message":"Substance is included in E 251 - 252, see also authorisation for Group E 251 - 252","@subject":"http://ec.europa.eu/semantic_webgate/dataset/additives/resource/additive-81"},{"@context":"http://ec.europa.eu/semantic_webgate/dataset/additives/resource/Additive","http://ec.europa.eu/semantic_webgate/dataset/additives/resource/message":"Substance is included in Group I, see also authorisation for Group I","@subject":"http://ec.europa.eu/semantic_webgate/dataset/additives/resource/additive-185"},{"@context":"http://ec.europa.eu/semantic_webgate/dataset/additives/resource/Additive","http://ec.europa.eu/semantic_webgate/dataset/additives/resource/message":"Substance is included in E 626 - 635, see also authorisation for Group E 626 - 635","@subject":"http://ec.europa.eu/semantic_webgate/dataset/additives/resource/additive-283"},{"@context":"http://ec.europa.eu/semantic_webgate/dataset/additives/resource/Additive","http://ec.europa.eu/semantic_webgate/dataset/additives/resource/message":"Substance is included in Group I, see also authorisation for Group I","@subject":"http://ec.europa.eu/semantic_webgate/dataset/additives/resource/additive-335"},{"@context":"http://ec.europa.eu/semantic_webgate/dataset/additives/resource/Additive","http://ec.europa.eu/semantic_webgate/dataset/additives/resource/message":"Substance is included in E 500 - 504, see also authorisation for Group E 500 - 504","@subject":"http://ec.europa.eu/semantic_webgate/dataset/additives/resource/additive-220"},{"@context":"http://ec.europa.eu/semantic_webgate/dataset/additives/resource/Additive","http://ec.europa.eu/semantic_webgate/dataset/additives/resource/message":"Substance is included in E 535 - 538, see also authorisation for Group E 535 - 538","@subject":"http://ec.europa.eu/semantic_webgate/dataset/additives/resource/additive-248"},{"@context":"http://ec.europa.eu/semantic_webgate/dataset/additives/resource/Additive","http://ec.europa.eu/semantic_webgate/dataset/additives/resource/message":"Substance is included in Group I, see also authorisation for Group I","@subject":"http://ec.europa.eu/semantic_webgate/dataset/additives/resource/additive-120"},{"@context":"http://ec.europa.eu/semantic_webgate/dataset/additives/resource/Additive","http://ec.europa.eu/semantic_webgate/dataset/additives/resource/message":"Substance is included in E 551 - 559, see also authorisation for Group E 551 - 559","@subject":"http://ec.europa.eu/semantic_webgate/dataset/additives/resource/additive-258"},{"@context":"http://ec.europa.eu/semantic_webgate/dataset/additives/resource/Additive","http://ec.europa.eu/semantic_webgate/dataset/additives/resource/message":"Substance is included in E 338 - 341, E 343 and E 450 - 452, see also authorisation for Group E 338 - 341, E 343 and E 450 - 452","@subject":"http://ec.europa.eu/semantic_webgate/dataset/additives/resource/additive-130"},{"@context":"http://ec.europa.eu/semantic_webgate/dataset/additives/resource/Additive","http://ec.europa.eu/semantic_webgate/dataset/additives/resource/message":"Substance is included in E 310 - 321, see also authorisation for Group E 310 - 321","@subject":"http://ec.europa.eu/semantic_webgate/dataset/additives/resource/additive-105"},{"@context":"http://ec.europa.eu/semantic_webgate/dataset/additives/resource/Additive","http://ec.europa.eu/semantic_webgate/dataset/additives/resource/message":"Substance is included in Group I, see also authorisation for Group I","@subject":"http://ec.europa.eu/semantic_webgate/dataset/additives/resource/additive-230"},{"@context":"http://ec.europa.eu/semantic_webgate/dataset/additives/resource/Additive","http://ec.europa.eu/semantic_webgate/dataset/additives/resource/message":"Substance is included in E 620 - 625, see also authorisation for Group E 620 - 625","@subject":"http://ec.europa.eu/semantic_webgate/dataset/additives/resource/additive-272"},{"@context":"http://ec.europa.eu/semantic_webgate/dataset/additives/resource/Additive","http://ec.europa.eu/semantic_webgate/dataset/additives/resource/message":"Substance is included in Group I, see also authorisation for Group I","@subject":"http://ec.europa.eu/semantic_webgate/dataset/additives/resource/additive-336"},{"@context":"http://ec.europa.eu/semantic_webgate/dataset/additives/resource/Additive","http://ec.europa.eu/semantic_webgate/dataset/additives/resource/message":"Substance is included in Group I, see also authorisation for Group I","@subject":"http://ec.europa.eu/semantic_webgate/dataset/additives/resource/additive-82"},{"@context":"http://ec.europa.eu/semantic_webgate/dataset/additives/resource/Additive","http://ec.europa.eu/semantic_webgate/dataset/additives/resource/message":"Substance is included in Group I, see also authorisation for Group I","@subject":"http://ec.europa.eu/semantic_webgate/dataset/additives/resource/additive-186"},{"@context":"http://ec.europa.eu/semantic_webgate/dataset/additives/resource/Additive","http://ec.europa.eu/semantic_webgate/dataset/additives/resource/message":"Substance is included in E 400 - 404, see also authorisation for Group E 400 - 404","@subject":"http://ec.europa.eu/semantic_webgate/dataset/additives/resource/additive-146"},{"@context":"http://ec.europa.eu/semantic_webgate/dataset/additives/resource/Additive","http://ec.europa.eu/semantic_webgate/dataset/additives/resource/message":"Substance is included in E 200 - 219, see also authorisation for Group E 200 - 219","@subject":"http://ec.europa.eu/semantic_webgate/dataset/additives/resource/additive-52"},{"@context":"http://ec.europa.eu/semantic_webgate/dataset/additives/resource/Additive","http://ec.europa.eu/semantic_webgate/dataset/additives/resource/message":"Substance is included in E 626 - 635, see also authorisation for Group E 626 - 635","@subject":"http://ec.europa.eu/semantic_webgate/dataset/additives/resource/additive-282"},{"@context":"http://ec.europa.eu/semantic_webgate/dataset/additives/resource/Additive","http://ec.europa.eu/semantic_webgate/dataset/additives/resource/message":"Substance is included in Group I, see also authorisation for Group I","@subject":"http://ec.europa.eu/semantic_webgate/dataset/additives/resource/additive-247"},{"@context":"http://ec.europa.eu/semantic_webgate/dataset/additives/resource/Additive","http://ec.europa.eu/semantic_webgate/dataset/additives/resource/message":"Substance is included in E 310 - 321, see also authorisation for Group E 310 - 321","@subject":"http://ec.europa.eu/semantic_webgate/dataset/additives/resource/additive-108"},{"@context":"http://ec.europa.eu/semantic_webgate/dataset/additives/resource/Additive","http://ec.europa.eu/semantic_webgate/dataset/additives/resource/message":"Substance is included in Group I, see also authorisation for Group I","@subject":"http://ec.europa.eu/semantic_webgate/dataset/additives/resource/additive-327"},{"@context":"http://ec.europa.eu/semantic_webgate/dataset/additives/resource/Additive","http://ec.europa.eu/semantic_webgate/dataset/additives/resource/message":"Substance is included in E 338 - 341, E 343 and E 450 - 452, see also authorisation for Group E 338 - 341, E 343 and E 450 - 452","@subject":"http://ec.europa.eu/semantic_webgate/dataset/additives/resource/additive-131"},{"@context":"http://ec.europa.eu/semantic_webgate/dataset/additives/resource/Additive","http://ec.europa.eu/semantic_webgate/dataset/additives/resource/message":"Substance is included in Group I, see also authorisation for Group I","@subject":"http://ec.europa.eu/semantic_webgate/dataset/additives/resource/additive-133"},{"@context":"http://ec.europa.eu/semantic_webgate/dataset/additives/resource/Additive","http://ec.europa.eu/semantic_webgate/dataset/additives/resource/message":"Substance is included in Group I, see also authorisation for Group I","@subject":"http://ec.europa.eu/semantic_webgate/dataset/additives/resource/additive-197"},{"@context":"http://ec.europa.eu/semantic_webgate/dataset/additives/resource/Additive","http://ec.europa.eu/semantic_webgate/dataset/additives/resource/message":"Substance is included in Group III, see also authorisation for Group III","@subject":"http://ec.europa.eu/semantic_webgate/dataset/additives/resource/additive-29"},{"@context":"http://ec.europa.eu/semantic_webgate/dataset/additives/resource/Additive","http://ec.europa.eu/semantic_webgate/dataset/additives/resource/message":"Substance is included in Group III, see also authorisation for Group III","@subject":"http://ec.europa.eu/semantic_webgate/dataset/additives/resource/additive-15"},{"@context":"http://ec.europa.eu/semantic_webgate/dataset/additives/resource/Additive","http://ec.europa.eu/semantic_webgate/dataset/additives/resource/message":"Substance is included in Group I, see also authorisation for Group I","@subject":"http://ec.europa.eu/semantic_webgate/dataset/additives/resource/additive-233"},{"@context":"http://ec.europa.eu/semantic_webgate/dataset/additives/resource/Additive","http://ec.europa.eu/semantic_webgate/dataset/additives/resource/message":"Substance is included in Group I, see also authorisation for Group I","@subject":"http://ec.europa.eu/semantic_webgate/dataset/additives/resource/additive-187"},{"@context":"http://ec.europa.eu/semantic_webgate/dataset/additives/resource/Additive","http://ec.europa.eu/semantic_webgate/dataset/additives/resource/message":"Substance is included in E 626 - 635, see also authorisation for Group E 626 - 635","@subject":"http://ec.europa.eu/semantic_webgate/dataset/additives/resource/additive-285"},{"@context":"http://ec.europa.eu/semantic_webgate/dataset/additives/resource/Additive","http://ec.europa.eu/semantic_webgate/dataset/additives/resource/message":"Substance is included in Group I, see also authorisation for Group I","@subject":"http://ec.europa.eu/semantic_webgate/dataset/additives/resource/additive-337"},{"@context":"http://ec.europa.eu/semantic_webgate/dataset/additives/resource/Additive","http://ec.europa.eu/semantic_webgate/dataset/additives/resource/message":"Substance is included in E 210 - 213, see also authorisation for Group E 210 - 213","@subject":"http://ec.europa.eu/semantic_webgate/dataset/additives/resource/additive-53"},{"@context":"http://ec.europa.eu/semantic_webgate/dataset/additives/resource/Additive","http://ec.europa.eu/semantic_webgate/dataset/additives/resource/message":"Substance is included in Group I, see also authorisation for Group I","@subject":"http://ec.europa.eu/semantic_webgate/dataset/additives/resource/additive-246"},{"@context":"http://ec.europa.eu/semantic_webgate/dataset/additives/resource/Additive","http://ec.europa.eu/semantic_webgate/dataset/additives/resource/message":"Substance is included in E 210 - 213, see also authorisation for Group E 210 - 213","@subject":"http://ec.europa.eu/semantic_webgate/dataset/additives/resource/additive-55"},{"@context":"http://ec.europa.eu/semantic_webgate/dataset/additives/resource/Additive","http://ec.europa.eu/semantic_webgate/dataset/additives/resource/message":"Substance is included in E 280 - 283, see also authorisation for Group E 280 - 283","@subject":"http://ec.europa.eu/semantic_webgate/dataset/additives/resource/additive-90"},{"@context":"http://ec.europa.eu/semantic_webgate/dataset/additives/resource/Additive","http://ec.europa.eu/semantic_webgate/dataset/additives/resource/message":"Substance is included in Group I, see also authorisation for Group I","@subject":"http://ec.europa.eu/semantic_webgate/dataset/additives/resource/additive-232"},{"@context":"http://ec.europa.eu/semantic_webgate/dataset/additives/resource/Additive","http://ec.europa.eu/semantic_webgate/dataset/additives/resource/message":"Substance is included in E 338 - 341, E 343 and E 450 - 452, see also authorisation for Group E 338 - 341, E 343 and E 450 - 452","@subject":"http://ec.europa.eu/semantic_webgate/dataset/additives/resource/additive-132"},{"@context":"http://ec.europa.eu/semantic_webgate/dataset/additives/resource/Additive","http://ec.europa.eu/semantic_webgate/dataset/additives/resource/message":"Substance is included in Group I, see also authorisation for Group I","@subject":"http://ec.europa.eu/semantic_webgate/dataset/additives/resource/additive-134"},{"@context":"http://ec.europa.eu/semantic_webgate/dataset/additives/resource/Additive","http://ec.europa.eu/semantic_webgate/dataset/additives/resource/message":"Substance is included in Group I, see also authorisation for Group I","@subject":"http://ec.europa.eu/semantic_webgate/dataset/additives/resource/additive-198"},{"@context":"http://ec.europa.eu/semantic_webgate/dataset/additives/resource/Additive","http://ec.europa.eu/semantic_webgate/dataset/additives/resource/message":"Substance is included in Group III, see also authorisation for Group III","@subject":"http://ec.europa.eu/semantic_webgate/dataset/additives/resource/additive-5"},{"@context":"http://ec.europa.eu/semantic_webgate/dataset/additives/resource/Additive","http://ec.europa.eu/semantic_webgate/dataset/additives/resource/message":"Substance is included in E 220 - 228, see also authorisation for Group E 220 - 228","@subject":"http://ec.europa.eu/semantic_webgate/dataset/additives/resource/additive-70"},{"@context":"http://ec.europa.eu/semantic_webgate/dataset/additives/resource/Additive","http://ec.europa.eu/semantic_webgate/dataset/additives/resource/message":"Substance is included in Group II, see also authorisation for Group II","@subject":"http://ec.europa.eu/semantic_webgate/dataset/additives/resource/additive-40"},{"@context":"http://ec.europa.eu/semantic_webgate/dataset/additives/resource/Additive","http://ec.europa.eu/semantic_webgate/dataset/additives/resource/message":"Substance is included in Group II, see also authorisation for Group II","@subject":"http://ec.europa.eu/semantic_webgate/dataset/additives/resource/additive-28"},{"@context":"http://ec.europa.eu/semantic_webgate/dataset/additives/resource/Additive","http://ec.europa.eu/semantic_webgate/dataset/additives/resource/message":"Substance is included in E 432 - 436, see also authorisation for Group E 432 - 436","@subject":"http://ec.europa.eu/semantic_webgate/dataset/additives/resource/additive-171"},{"@context":"http://ec.europa.eu/semantic_webgate/dataset/additives/resource/Additive","http://ec.europa.eu/semantic_webgate/dataset/additives/resource/message":"Substance is included in E 626 - 635, see also authorisation for Group E 626 - 635","@subject":"http://ec.europa.eu/semantic_webgate/dataset/additives/resource/additive-284"},{"@context":"http://ec.europa.eu/semantic_webgate/dataset/additives/resource/Additive","http://ec.europa.eu/semantic_webgate/dataset/additives/resource/message":"Substance is included in Group I, see also authorisation for Group I","@subject":"http://ec.europa.eu/semantic_webgate/dataset/additives/resource/additive-338"},{"@context":"http://ec.europa.eu/semantic_webgate/dataset/additives/resource/Additive","http://ec.europa.eu/semantic_webgate/dataset/additives/resource/message":"Substance is included in E 400 - 404, see also authorisation for Group E 400 - 404","@subject":"http://ec.europa.eu/semantic_webgate/dataset/additives/resource/additive-148"},{"@context":"http://ec.europa.eu/semantic_webgate/dataset/additives/resource/Additive","http://ec.europa.eu/semantic_webgate/dataset/additives/resource/message":"Substance is included in Group I, see also authorisation for Group I","@subject":"http://ec.europa.eu/semantic_webgate/dataset/additives/resource/additive-188"},{"@context":"http://ec.europa.eu/semantic_webgate/dataset/additives/resource/Additive","http://ec.europa.eu/semantic_webgate/dataset/additives/resource/message":"Substance is included in E 481 - 482, see also authorisation for Group E 481 - 482","@subject":"http://ec.europa.eu/semantic_webgate/dataset/additives/resource/additive-212"},{"@context":"http://ec.europa.eu/semantic_webgate/dataset/additives/resource/Additive","http://ec.europa.eu/semantic_webgate/dataset/additives/resource/message":"Substance is included in E 220 - 228, see also authorisation for Group E 220 - 228","@subject":"http://ec.europa.eu/semantic_webgate/dataset/additives/resource/additive-69"},{"@context":"http://ec.europa.eu/semantic_webgate/dataset/additives/resource/Additive","http://ec.europa.eu/semantic_webgate/dataset/additives/resource/message":"Substance is included in E 551 - 559, see also authorisation for Group E 551 - 559","@subject":"http://ec.europa.eu/semantic_webgate/dataset/additives/resource/additive-255"},{"@context":"http://ec.europa.eu/semantic_webgate/dataset/additives/resource/Additive","http://ec.europa.eu/semantic_webgate/dataset/additives/resource/message":"Substance is included in E 620 - 625, see also authorisation for Group E 620 - 625","@subject":"http://ec.europa.eu/semantic_webgate/dataset/additives/resource/additive-277"},{"@context":"http://ec.europa.eu/semantic_webgate/dataset/additives/resource/Additive","http://ec.europa.eu/semantic_webgate/dataset/additives/resource/message":"Substance is included in E 280 - 283, see also authorisation for Group E 280 - 283","@subject":"http://ec.europa.eu/semantic_webgate/dataset/additives/resource/additive-91"},{"@context":"http://ec.europa.eu/semantic_webgate/dataset/additives/resource/Additive","http://ec.europa.eu/semantic_webgate/dataset/additives/resource/message":"Substance is included in Group I, see also authorisation for Group I","@subject":"http://ec.europa.eu/semantic_webgate/dataset/additives/resource/additive-159"},{"@context":"http://ec.europa.eu/semantic_webgate/dataset/additives/resource/Additive","http://ec.europa.eu/semantic_webgate/dataset/additives/resource/message":"Substance is included in Group IV, see also authorisation for Group IV","@subject":"http://ec.europa.eu/semantic_webgate/dataset/additives/resource/additive-325"},{"@context":"http://ec.europa.eu/semantic_webgate/dataset/additives/resource/Additive","http://ec.europa.eu/semantic_webgate/dataset/additives/resource/message":"Substance is included in E 524 - 528, see also authorisation for Group E 524 - 528","@subject":"http://ec.europa.eu/semantic_webgate/dataset/additives/resource/additive-245"},{"@context":"http://ec.europa.eu/semantic_webgate/dataset/additives/resource/Additive","http://ec.europa.eu/semantic_webgate/dataset/additives/resource/message":"Substance is included in Group I, see also authorisation for Group I","@subject":"http://ec.europa.eu/semantic_webgate/dataset/additives/resource/additive-189"},{"@context":"http://ec.europa.eu/semantic_webgate/dataset/additives/resource/Additive","http://ec.europa.eu/semantic_webgate/dataset/additives/resource/message":"Substance is included in Group I, see also authorisation for Group I","@subject":"http://ec.europa.eu/semantic_webgate/dataset/additives/resource/additive-311"},{"@context":"http://ec.europa.eu/semantic_webgate/dataset/additives/resource/Additive","http://ec.europa.eu/semantic_webgate/dataset/additives/resource/message":"Substance is included in Group I, see also authorisation for Group I","@subject":"http://ec.europa.eu/semantic_webgate/dataset/additives/resource/additive-339"},{"@context":"http://ec.europa.eu/semantic_webgate/dataset/additives/resource/Additive","http://ec.europa.eu/semantic_webgate/dataset/additives/resource/message":"Substance is included in E 626 - 635, see also authorisation for Group E 626 - 635","@subject":"http://ec.europa.eu/semantic_webgate/dataset/additives/resource/additive-287"},{"@context":"http://ec.europa.eu/semantic_webgate/dataset/additives/resource/Additive","http://ec.europa.eu/semantic_webgate/dataset/additives/resource/message":"Substance is included in E 400 - 404, see also authorisation for Group E 400 - 404","@subject":"http://ec.europa.eu/semantic_webgate/dataset/additives/resource/additive-149"},{"@context":"http://ec.europa.eu/semantic_webgate/dataset/additives/resource/Additive","http://ec.europa.eu/semantic_webgate/dataset/additives/resource/message":"Substance is included in Group I, see also authorisation for Group I","@subject":"http://ec.europa.eu/semantic_webgate/dataset/additives/resource/additive-225"},{"@context":"http://ec.europa.eu/semantic_webgate/dataset/additives/resource/Additive","http://ec.europa.eu/semantic_webgate/dataset/additives/resource/message":"Substance is included in E 520 - 523, see also authorisation for Group E 520 - 523","@subject":"http://ec.europa.eu/semantic_webgate/dataset/additives/resource/additive-235"},{"@context":"http://ec.europa.eu/semantic_webgate/dataset/additives/resource/Additive","http://ec.europa.eu/semantic_webgate/dataset/additives/resource/message":"Substance is included in E 220 - 228, see also authorisation for Group E 220 - 228","@subject":"http://ec.europa.eu/semantic_webgate/dataset/additives/resource/additive-68"},{"@context":"http://ec.europa.eu/semantic_webgate/dataset/additives/resource/Additive","http://ec.europa.eu/semantic_webgate/dataset/additives/resource/message":"Substance is included in E 310 - 321, see also authorisation for Group E 310 - 321","@subject":"http://ec.europa.eu/semantic_webgate/dataset/additives/resource/additive-109"},{"@context":"http://ec.europa.eu/semantic_webgate/dataset/additives/resource/Additive","http://ec.europa.eu/semantic_webgate/dataset/additives/resource/message":"Substance is included in E 524 - 528, see also authorisation for Group E 524 - 528","@subject":"http://ec.europa.eu/semantic_webgate/dataset/additives/resource/additive-244"},{"@context":"http://ec.europa.eu/semantic_webgate/dataset/additives/resource/Additive","http://ec.europa.eu/semantic_webgate/dataset/additives/resource/message":"Substance is included in E 626 - 635, see also authorisation for Group E 626 - 635","@subject":"http://ec.europa.eu/semantic_webgate/dataset/additives/resource/additive-286"},{"@context":"http://ec.europa.eu/semantic_webgate/dataset/additives/resource/Additive","http://ec.europa.eu/semantic_webgate/dataset/additives/resource/message":"Substance is included in Group I, see also authorisation for Group I","@subject":"http://ec.europa.eu/semantic_webgate/dataset/additives/resource/additive-119"},{"@context":"http://ec.europa.eu/semantic_webgate/dataset/additives/resource/Additive","http://ec.europa.eu/semantic_webgate/dataset/additives/resource/message":"Substance is included in E 500 - 504, see also authorisation for Group E 500 - 504","@subject":"http://ec.europa.eu/semantic_webgate/dataset/additives/resource/additive-224"},{"@context":"http://ec.europa.eu/semantic_webgate/dataset/additives/resource/Additive","http://ec.europa.eu/semantic_webgate/dataset/additives/resource/message":"Substance is included in E 620 - 625, see also authorisation for Group E 620 - 625","@subject":"http://ec.europa.eu/semantic_webgate/dataset/additives/resource/additive-276"},{"@context":"http://ec.europa.eu/semantic_webgate/dataset/additives/resource/Additive","http://ec.europa.eu/semantic_webgate/dataset/additives/resource/message":"Substance is included in E 338 - 341, E 343 and E 450 - 452, see also authorisation for Group E 338 - 341, E 343 and E 450 - 452","@subject":"http://ec.europa.eu/semantic_webgate/dataset/additives/resource/additive-129"},{"@context":"http://ec.europa.eu/semantic_webgate/dataset/additives/resource/Additive","http://ec.europa.eu/semantic_webgate/dataset/additives/resource/message":"Substance is included in Group I, see also authorisation for Group I","@subject":"http://ec.europa.eu/semantic_webgate/dataset/additives/resource/additive-157"},{"@context":"http://ec.europa.eu/semantic_webgate/dataset/additives/resource/Additive","http://ec.europa.eu/semantic_webgate/dataset/additives/resource/message":"Substance is included in Group IV, see also authorisation for Group IV","@subject":"http://ec.europa.eu/semantic_webgate/dataset/additives/resource/additive-323"},{"@context":"http://ec.europa.eu/semantic_webgate/dataset/additives/resource/Additive","http://ec.europa.eu/semantic_webgate/dataset/additives/resource/message":"Substance is included in Group III, see also authorisation for Group III","@subject":"http://ec.europa.eu/semantic_webgate/dataset/additives/resource/additive-10"},{"@context":"http://ec.europa.eu/semantic_webgate/dataset/additives/resource/Additive","http://ec.europa.eu/semantic_webgate/dataset/additives/resource/message":"Substance is included in E 551 - 559, see also authorisation for Group E 551 - 559","@subject":"http://ec.europa.eu/semantic_webgate/dataset/additives/resource/additive-257"},{"@context":"http://ec.europa.eu/semantic_webgate/dataset/additives/resource/Additive","http://ec.europa.eu/semantic_webgate/dataset/additives/resource/message":"Substance is included in Group I, see also authorisation for Group I","@subject":"http://ec.europa.eu/semantic_webgate/dataset/additives/resource/additive-200"},{"@context":"http://ec.europa.eu/semantic_webgate/dataset/additives/resource/Additive","http://ec.europa.eu/semantic_webgate/dataset/additives/resource/message":"Substance is included in E 626 - 635, see also authorisation for Group E 626 - 635","@subject":"http://ec.europa.eu/semantic_webgate/dataset/additives/resource/additive-289"},{"@context":"http://ec.europa.eu/semantic_webgate/dataset/additives/resource/Additive","http://ec.europa.eu/semantic_webgate/dataset/additives/resource/message":"Substance is included in E 500 - 504, see also authorisation for Group E 500 - 504","@subject":"http://ec.europa.eu/semantic_webgate/dataset/additives/resource/additive-223"},{"@context":"http://ec.europa.eu/semantic_webgate/dataset/additives/resource/Additive","http://ec.europa.eu/semantic_webgate/dataset/additives/resource/message":"Substance is included in Group I, see also authorisation for Group I","@subject":"http://ec.europa.eu/semantic_webgate/dataset/additives/resource/additive-118"},{"@context":"http://ec.europa.eu/semantic_webgate/dataset/additives/resource/Additive","http://ec.europa.eu/semantic_webgate/dataset/additives/resource/message":"Substance is included in E 524 - 528, see also authorisation for Group E 524 - 528","@subject":"http://ec.europa.eu/semantic_webgate/dataset/additives/resource/additive-243"},{"@context":"http://ec.europa.eu/semantic_webgate/dataset/additives/resource/Additive","http://ec.europa.eu/semantic_webgate/dataset/additives/resource/message":"Substance is included in E 520 - 523, see also authorisation for Group E 520 - 523","@subject":"http://ec.europa.eu/semantic_webgate/dataset/additives/resource/additive-237"},{"@context":"http://ec.europa.eu/semantic_webgate/dataset/additives/resource/Additive","http://ec.europa.eu/semantic_webgate/dataset/additives/resource/message":"Substance is included in Group I, see also authorisation for Group I","@subject":"http://ec.europa.eu/semantic_webgate/dataset/additives/resource/additive-137"},{"@context":"http://ec.europa.eu/semantic_webgate/dataset/additives/resource/Additive","http://ec.europa.eu/semantic_webgate/dataset/additives/resource/message":"Substance is included in Group III, see also authorisation for Group III","@subject":"http://ec.europa.eu/semantic_webgate/dataset/additives/resource/additive-11"},{"@context":"http://ec.europa.eu/semantic_webgate/dataset/additives/resource/Additive","http://ec.europa.eu/semantic_webgate/dataset/additives/resource/message":"Substance is included in E 620 - 625, see also authorisation for Group E 620 - 625","@subject":"http://ec.europa.eu/semantic_webgate/dataset/additives/resource/additive-275"},{"@context":"http://ec.europa.eu/semantic_webgate/dataset/additives/resource/Additive","http://ec.europa.eu/semantic_webgate/dataset/additives/resource/message":"Substance is included in E 481 - 482, see also authorisation for Group E 481 - 482","@subject":"http://ec.europa.eu/semantic_webgate/dataset/additives/resource/additive-210"},{"@context":"http://ec.europa.eu/semantic_webgate/dataset/additives/resource/Additive","http://ec.europa.eu/semantic_webgate/dataset/additives/resource/message":"Substance is included in Group I, see also authorisation for Group I","@subject":"http://ec.europa.eu/semantic_webgate/dataset/additives/resource/additive-94"},{"@context":"http://ec.europa.eu/semantic_webgate/dataset/additives/resource/Additive","http://ec.europa.eu/semantic_webgate/dataset/additives/resource/message":"Substance is included in Group I, see also authorisation for Group I","@subject":"http://ec.europa.eu/semantic_webgate/dataset/additives/resource/additive-158"},{"@context":"http://ec.europa.eu/semantic_webgate/dataset/additives/resource/Additive","http://ec.europa.eu/semantic_webgate/dataset/additives/resource/message":"Substance is included in E 551 - 559, see also authorisation for Group E 551 - 559","@subject":"http://ec.europa.eu/semantic_webgate/dataset/additives/resource/additive-256"},{"@context":"http://ec.europa.eu/semantic_webgate/dataset/additives/resource/Additive","http://ec.europa.eu/semantic_webgate/dataset/additives/resource/message":"Substance is included in Group IV, see also authorisation for Group IV","@subject":"http://ec.europa.eu/semantic_webgate/dataset/additives/resource/additive-324"},{"@context":"http://ec.europa.eu/semantic_webgate/dataset/additives/resource/Additive","http://ec.europa.eu/semantic_webgate/dataset/additives/resource/message":"Substance is included in E 626 - 635, see also authorisation for Group E 626 - 635","@subject":"http://ec.europa.eu/semantic_webgate/dataset/additives/resource/additive-288"},{"@context":"http://ec.europa.eu/semantic_webgate/dataset/additives/resource/Additive","http://ec.europa.eu/semantic_webgate/dataset/additives/resource/message":"Substance is included in Group I, see also authorisation for Group I","@subject":"http://ec.europa.eu/semantic_webgate/dataset/additives/resource/additive-201"},{"@context":"http://ec.europa.eu/semantic_webgate/dataset/additives/resource/Additive","http://ec.europa.eu/semantic_webgate/dataset/additives/resource/message":"Substance is included in Group II, see also authorisation for Group II","@subject":"http://ec.europa.eu/semantic_webgate/dataset/additives/resource/additive-30"},{"@context":"http://ec.europa.eu/semantic_webgate/dataset/additives/resource/Additive","http://ec.europa.eu/semantic_webgate/dataset/additives/resource/message":"Substance is included in E 500 - 504, see also authorisation for Group E 500 - 504","@subject":"http://ec.europa.eu/semantic_webgate/dataset/additives/resource/additive-222"},{"@context":"http://ec.europa.eu/semantic_webgate/dataset/additives/resource/Additive","http://ec.europa.eu/semantic_webgate/dataset/additives/resource/message":"Substance is included in E 524 - 528, see also authorisation for Group E 524 - 528","@subject":"http://ec.europa.eu/semantic_webgate/dataset/additives/resource/additive-242"},{"@context":"http://ec.europa.eu/semantic_webgate/dataset/additives/resource/Additive","http://ec.europa.eu/semantic_webgate/dataset/additives/resource/message":"Substance is included in Group I, see also authorisation for Group I","@subject":"http://ec.europa.eu/semantic_webgate/dataset/additives/resource/additive-117"},{"@context":"http://ec.europa.eu/semantic_webgate/dataset/additives/resource/Additive","http://ec.europa.eu/semantic_webgate/dataset/additives/resource/message":"Substance is included in E 620 - 625, see also authorisation for Group E 620 - 625","@subject":"http://ec.europa.eu/semantic_webgate/dataset/additives/resource/additive-274"},{"@context":"http://ec.europa.eu/semantic_webgate/dataset/additives/resource/Additive","http://ec.europa.eu/semantic_webgate/dataset/additives/resource/message":"Substance is included in E 355 - 357, see also authorisation for Group E 355 - 357","@subject":"http://ec.europa.eu/semantic_webgate/dataset/additives/resource/additive-138"},{"@context":"http://ec.europa.eu/geninfo/LegalNotices","http://www.w3.org/2000/01/rdf-schema#label":{"en":"The information and data on this site is subject to a disclaimer, a copyright notice rules related to personal data protection and cookies.  For further information:   http://ec.europa.eu/geninfo/legal_notices_en.htm"},"@subject":"http://ec.europa.eu/geninfo/legal_notices_en.htm"}]}