{"items":[{"@context":"http://ec.europa.eu/semantic_webgate/dataset/additives/resource/Additive","http://ec.europa.eu/semantic_webgate/dataset/additives/resource/groupAdditive":"http://ec.europa.eu/semantic_webgate/dataset/additives/resource/additive-127","@subject":"http://ec.europa.eu/semantic_webgate/dataset/additives/resource/additive-128"},{"@context":"http://ec.europa.eu/semantic_webgate/dataset/additives/resource/Additive","http://ec.europa.eu/semantic_webgate/dataset/additives/resource/groupAdditive":"http://ec.europa.eu/semantic_webgate/dataset/additives/resource/additive-248","@subject":"http://ec.europa.eu/semantic_webgate/dataset/additives/resource/additive-249"},{"@context":"http://ec.europa.eu/semantic_webgate/dataset/additives/resource/Additive","http://ec.europa.eu/semantic_webgate/dataset/additives/resource/groupAdditive":"http://ec.europa.eu/semantic_webgate/dataset/additives/resource/additive-220","@subject":"http://ec.europa.eu/semantic_webgate/dataset/additives/resource/additive-221"},{"@context":"http://ec.europa.eu/semantic_webgate/dataset/additives/resource/Additive","http://ec.europa.eu/semantic_webgate/dataset/additives/resource/groupAdditive":"http://ec.europa.eu/semantic_webgate/dataset/additives/resource/additive-63","@subject":"http://ec.europa.eu/semantic_webgate/dataset/additives/resource/additive-64"},{"@context":"http://ec.europa.eu/semantic_webgate/dataset/additives/resource/Additive","http://ec.europa.eu/semantic_webgate/dataset/additives/resource/groupAdditive":"http://ec.europa.eu/semantic_webgate/dataset/additives/resource/additive-105","@subject":"http://ec.europa.eu/semantic_webgate/dataset/additives/resource/additive-106"},{"@context":"http://ec.europa.eu/semantic_webgate/dataset/additives/resource/Additive","http://ec.europa.eu/semantic_webgate/dataset/additives/resource/groupAdditive":"http://ec.europa.eu/semantic_webgate/dataset/additives/resource/additive-315","@subject":"http://ec.europa.eu/semantic_webgate/dataset/additives/resource/additive-4"},{"@context":"http://ec.europa.eu/semantic_webgate/dataset/additives/resource/Additive","http://ec.europa.eu/semantic_webgate/dataset/additives/resource/groupAdditive":"http://ec.europa.eu/semantic_webgate/dataset/additives/resource/additive-76","@subject":"http://ec.europa.eu/semantic_webgate/dataset/additives/resource/additive-77"},{"@context":"http://ec.europa.eu/semantic_webgate/dataset/additives/resource/Additive","http://ec.europa.eu/semantic_webgate/dataset/additives/resource/groupAdditive":"http://ec.europa.eu/semantic_webgate/dataset/additives/resource/additive-253","@subject":"http://ec.europa.eu/semantic_webgate/dataset/additives/resource/additive-378"},{"@context":"http://ec.europa.eu/semantic_webgate/dataset/additives/resource/Additive","http://ec.europa.eu/semantic_webgate/dataset/additives/resource/groupAdditive":"http://ec.europa.eu/semantic_webgate/dataset/additives/resource/additive-203","@subject":"http://ec.europa.eu/semantic_webgate/dataset/additives/resource/additive-204"},{"@context":"http://ec.europa.eu/semantic_webgate/dataset/additives/resource/Additive","http://ec.europa.eu/semantic_webgate/dataset/additives/resource/groupAdditive":"http://ec.europa.eu/semantic_webgate/dataset/additives/resource/additive-272","@subject":"http://ec.europa.eu/semantic_webgate/dataset/additives/resource/additive-273"},{"@context":"http://ec.europa.eu/semantic_webgate/dataset/additives/resource/Additive","http://ec.europa.eu/semantic_webgate/dataset/additives/resource/groupAdditive":"http://ec.europa.eu/semantic_webgate/dataset/additives/resource/additive-37","@subject":"http://ec.europa.eu/semantic_webgate/dataset/additives/resource/additive-2"},{"@context":"http://ec.europa.eu/semantic_webgate/dataset/additives/resource/Additive","http://ec.europa.eu/semantic_webgate/dataset/additives/resource/groupAdditive":"http://ec.europa.eu/semantic_webgate/dataset/additives/resource/additive-46","@subject":"http://ec.europa.eu/semantic_webgate/dataset/additives/resource/additive-48"},{"@context":"http://ec.europa.eu/semantic_webgate/dataset/additives/resource/Additive","http://ec.europa.eu/semantic_webgate/dataset/additives/resource/groupAdditive":"http://ec.europa.eu/semantic_webgate/dataset/additives/resource/additive-171","@subject":"http://ec.europa.eu/semantic_webgate/dataset/additives/resource/additive-172"},{"@context":"http://ec.europa.eu/semantic_webgate/dataset/additives/resource/Additive","http://ec.europa.eu/semantic_webgate/dataset/additives/resource/groupAdditive":"http://ec.europa.eu/semantic_webgate/dataset/additives/resource/additive-138","@subject":"http://ec.europa.eu/semantic_webgate/dataset/additives/resource/additive-139"},{"@context":"http://ec.europa.eu/semantic_webgate/dataset/additives/resource/Additive","http://ec.europa.eu/semantic_webgate/dataset/additives/resource/groupAdditive":"http://ec.europa.eu/semantic_webgate/dataset/additives/resource/additive-146","@subject":"http://ec.europa.eu/semantic_webgate/dataset/additives/resource/additive-147"},{"@context":"http://ec.europa.eu/semantic_webgate/dataset/additives/resource/Additive","http://ec.europa.eu/semantic_webgate/dataset/additives/resource/groupAdditive":"http://ec.europa.eu/semantic_webgate/dataset/additives/resource/additive-22","@subject":"http://ec.europa.eu/semantic_webgate/dataset/additives/resource/additive-23"},{"@context":"http://ec.europa.eu/semantic_webgate/dataset/additives/resource/Additive","http://ec.europa.eu/semantic_webgate/dataset/additives/resource/groupAdditive":"http://ec.europa.eu/semantic_webgate/dataset/additives/resource/additive-288","@subject":"http://ec.europa.eu/semantic_webgate/dataset/additives/resource/additive-280"},{"@context":"http://ec.europa.eu/semantic_webgate/dataset/additives/resource/Additive","http://ec.europa.eu/semantic_webgate/dataset/additives/resource/groupAdditive":"http://ec.europa.eu/semantic_webgate/dataset/additives/resource/additive-194","@subject":"http://ec.europa.eu/semantic_webgate/dataset/additives/resource/additive-1"},{"@context":"http://ec.europa.eu/semantic_webgate/dataset/additives/resource/Additive","http://ec.europa.eu/semantic_webgate/dataset/additives/resource/groupAdditive":"http://ec.europa.eu/semantic_webgate/dataset/additives/resource/additive-210","@subject":"http://ec.europa.eu/semantic_webgate/dataset/additives/resource/additive-211"},{"@context":"http://ec.europa.eu/semantic_webgate/dataset/additives/resource/Additive","http://ec.europa.eu/semantic_webgate/dataset/additives/resource/groupAdditive":"http://ec.europa.eu/semantic_webgate/dataset/additives/resource/additive-87","@subject":"http://ec.europa.eu/semantic_webgate/dataset/additives/resource/additive-88"},{"@context":"http://ec.europa.eu/semantic_webgate/dataset/additives/resource/Additive","http://ec.europa.eu/semantic_webgate/dataset/additives/resource/groupAdditive":"http://ec.europa.eu/semantic_webgate/dataset/additives/resource/additive-105","@subject":"http://ec.europa.eu/semantic_webgate/dataset/additives/resource/additive-107"},{"@context":"http://ec.europa.eu/semantic_webgate/dataset/additives/resource/Additive","http://ec.europa.eu/semantic_webgate/dataset/additives/resource/groupAdditive":"http://ec.europa.eu/semantic_webgate/dataset/additives/resource/additive-62","@subject":"http://ec.europa.eu/semantic_webgate/dataset/additives/resource/additive-50"},{"@context":"http://ec.europa.eu/semantic_webgate/dataset/additives/resource/Additive","http://ec.europa.eu/semantic_webgate/dataset/additives/resource/groupAdditive":"http://ec.europa.eu/semantic_webgate/dataset/additives/resource/additive-46","@subject":"http://ec.europa.eu/semantic_webgate/dataset/additives/resource/additive-47"},{"@context":"http://ec.europa.eu/semantic_webgate/dataset/additives/resource/Additive","http://ec.europa.eu/semantic_webgate/dataset/additives/resource/groupAdditive":"http://ec.europa.eu/semantic_webgate/dataset/additives/resource/additive-34","@subject":"http://ec.europa.eu/semantic_webgate/dataset/additives/resource/additive-3"},{"@context":"http://ec.europa.eu/semantic_webgate/dataset/additives/resource/Additive","http://ec.europa.eu/semantic_webgate/dataset/additives/resource/groupAdditive":"http://ec.europa.eu/semantic_webgate/dataset/additives/resource/additive-240","@subject":"http://ec.europa.eu/semantic_webgate/dataset/additives/resource/additive-241"},{"@context":"http://ec.europa.eu/semantic_webgate/dataset/additives/resource/Additive","http://ec.europa.eu/semantic_webgate/dataset/additives/resource/groupAdditive":"http://ec.europa.eu/semantic_webgate/dataset/additives/resource/additive-214","@subject":"http://ec.europa.eu/semantic_webgate/dataset/additives/resource/additive-215"},{"@context":"http://ec.europa.eu/semantic_webgate/dataset/additives/resource/Additive","http://ec.europa.eu/semantic_webgate/dataset/additives/resource/groupAdditive":"http://ec.europa.eu/semantic_webgate/dataset/additives/resource/additive-46","@subject":"http://ec.europa.eu/semantic_webgate/dataset/additives/resource/additive-49"},{"@context":"http://ec.europa.eu/semantic_webgate/dataset/additives/resource/Additive","http://ec.europa.eu/semantic_webgate/dataset/additives/resource/groupAdditive":"http://ec.europa.eu/semantic_webgate/dataset/additives/resource/additive-53","@subject":"http://ec.europa.eu/semantic_webgate/dataset/additives/resource/additive-54"},{"@context":"http://ec.europa.eu/semantic_webgate/dataset/additives/resource/Additive","http://ec.europa.eu/semantic_webgate/dataset/additives/resource/groupAdditive":"http://ec.europa.eu/semantic_webgate/dataset/additives/resource/additive-58","@subject":"http://ec.europa.eu/semantic_webgate/dataset/additives/resource/additive-59"},{"@context":"http://ec.europa.eu/semantic_webgate/dataset/additives/resource/Additive","http://ec.europa.eu/semantic_webgate/dataset/additives/resource/groupAdditive":"http://ec.europa.eu/semantic_webgate/dataset/additives/resource/additive-253","@subject":"http://ec.europa.eu/semantic_webgate/dataset/additives/resource/additive-254"},{"@context":"http://ec.europa.eu/semantic_webgate/dataset/additives/resource/Additive","http://ec.europa.eu/semantic_webgate/dataset/additives/resource/groupAdditive":"http://ec.europa.eu/semantic_webgate/dataset/additives/resource/additive-235","@subject":"http://ec.europa.eu/semantic_webgate/dataset/additives/resource/additive-236"},{"@context":"http://ec.europa.eu/semantic_webgate/dataset/additives/resource/Additive","http://ec.europa.eu/semantic_webgate/dataset/additives/resource/groupAdditive":"http://ec.europa.eu/semantic_webgate/dataset/additives/resource/additive-79","@subject":"http://ec.europa.eu/semantic_webgate/dataset/additives/resource/additive-80"},{"@context":"http://ec.europa.eu/geninfo/LegalNotices","http://www.w3.org/2000/01/rdf-schema#label":{"en":"The information and data on this site is subject to a disclaimer, a copyright notice rules related to personal data protection and cookies.  For further information:   http://ec.europa.eu/geninfo/legal_notices_en.htm"},"@subject":"http://ec.europa.eu/geninfo/legal_notices_en.htm"}]}