{"items":[{"@context":"http://ec.europa.eu/semantic_webgate/dataset/additives/resource/Legislation","http://ec.europa.eu/semantic_webgate/dataset/additives/resource/entryDate":"2013-08-16 00:00:00.0","http://ec.europa.eu/semantic_webgate/dataset/additives/resource/legislationReference":"(EU) No 723/2013","http://ec.europa.eu/semantic_webgate/dataset/additives/resource/offiJournalNumber":"L 202","http://ec.europa.eu/semantic_webgate/dataset/additives/resource/legislationUrl":"https://webgate.ec.europa.eu/sanco_foods/main/?event=document.view&identifier=4472&documentCrossTable=legislation&documentType=legislation&documentTypeIdentifier=-1","http://ec.europa.eu/semantic_webgate/dataset/additives/resource/applicationDate":"2013-08-16 00:00:00.0","http://ec.europa.eu/semantic_webgate/dataset/additives/resource/id":"102","http://ec.europa.eu/semantic_webgate/dataset/additives/resource/title":"COMMISSION REGULATION (EU) No 723/2013 of 26 July 2013 amending Annex II to Regulation (EC) No 1333/2008 of the European Parliament and of the Council as regards the use of extracts of rosemary (E 392) in certain low fat meat and fish products","@subject":"http://ec.europa.eu/semantic_webgate/dataset/additives/resource/legislation-102","http://ec.europa.eu/semantic_webgate/dataset/additives/resource/publicationDate":"2013-07-26 00:00:00.0"},{"@context":"http://ec.europa.eu/semantic_webgate/dataset/additives/resource/Legislation","http://ec.europa.eu/semantic_webgate/dataset/additives/resource/entryDate":"2012-04-06 00:00:00.0","http://ec.europa.eu/semantic_webgate/dataset/additives/resource/legislationReference":"(EU) No 232/2012","http://ec.europa.eu/semantic_webgate/dataset/additives/resource/offiJournalNumber":"L 78","http://ec.europa.eu/semantic_webgate/dataset/additives/resource/legislationUrl":"https://webgate.ec.europa.eu/sanco_foods/main/?event=document.view&identifier=3528&documentCrossTable=legislation&documentType=legislation&documentTypeIdentifier=-1","http://ec.europa.eu/semantic_webgate/dataset/additives/resource/applicationDate":"2012-04-06 00:00:00.0","http://ec.europa.eu/semantic_webgate/dataset/additives/resource/id":"95","http://ec.europa.eu/semantic_webgate/dataset/additives/resource/title":"Commission Regulation (EU) No 232/2012 of 16 March 2012 amending Annex II to Regulation (EC) No 1333/2008 of the European Parliament and of the Council as regards the conditions of use and the use levels for Quinoline Yellow (E 104), Sunset Yellow FCF/Orange Yellow S (E 110) and Ponceau 4R, Cochineal Red A (E 124)","@subject":"http://ec.europa.eu/semantic_webgate/dataset/additives/resource/legislation-95","http://ec.europa.eu/semantic_webgate/dataset/additives/resource/publicationDate":"2012-03-17 00:00:00.0"},{"@context":"http://ec.europa.eu/semantic_webgate/dataset/additives/resource/Legislation","http://ec.europa.eu/semantic_webgate/dataset/additives/resource/entryDate":"2013-06-24 00:00:00.0","http://ec.europa.eu/semantic_webgate/dataset/additives/resource/legislationReference":"(EU) No 510/2013","http://ec.europa.eu/semantic_webgate/dataset/additives/resource/offiJournalNumber":"L 150","http://ec.europa.eu/semantic_webgate/dataset/additives/resource/legislationUrl":"https://webgate.ec.europa.eu/sanco_foods/main/?event=document.view&identifier=4482&documentCrossTable=legislation&documentType=legislation&documentTypeIdentifier=-1","http://ec.europa.eu/semantic_webgate/dataset/additives/resource/applicationDate":"2013-06-24 00:00:00.0","http://ec.europa.eu/semantic_webgate/dataset/additives/resource/id":"106","http://ec.europa.eu/semantic_webgate/dataset/additives/resource/title":"COMMISSION REGULATION (EU) No 510/2013 of 3 June 2013 amending Annexes I, II and III to Regulation (EC) No 1333/2008 of the European Parliament and of the Council as regards the use of iron oxides and hydroxides (E 172), hydroxypropyl methyl cellulose (E 464) and polysorbates (E 432-436) for marking of certain fruits","@subject":"http://ec.europa.eu/semantic_webgate/dataset/additives/resource/legislation-106","http://ec.europa.eu/semantic_webgate/dataset/additives/resource/publicationDate":"2013-06-03 00:00:00.0"},{"@context":"http://ec.europa.eu/semantic_webgate/dataset/additives/resource/Legislation","http://ec.europa.eu/semantic_webgate/dataset/additives/resource/entryDate":"2011-12-02 00:00:00.0","http://ec.europa.eu/semantic_webgate/dataset/additives/resource/legislationReference":"(EU) No 1130/2011","http://ec.europa.eu/semantic_webgate/dataset/additives/resource/offiJournalNumber":"L295","http://ec.europa.eu/semantic_webgate/dataset/additives/resource/legislationUrl":"https://webgate.ec.europa.eu/sanco_foods/main/?event=document.view&identifier=2582&documentCrossTable=legislation&documentType=legislation&documentTypeIdentifier=-1","http://ec.europa.eu/semantic_webgate/dataset/additives/resource/applicationDate":"2011-12-02 00:00:00.0","http://ec.europa.eu/semantic_webgate/dataset/additives/resource/id":"57","http://ec.europa.eu/semantic_webgate/dataset/additives/resource/title":"Commission Regulation (EU) No 1130/2011 of 11 November 2011 amending Annex III to Regulation (EC) No 1333/2008 of the European Parliament and of the Council on food additives by establishing a Union list of food additives approved for use in food additives, food enzymes, food flavourings and nutrients","@subject":"http://ec.europa.eu/semantic_webgate/dataset/additives/resource/legislation-57","http://ec.europa.eu/semantic_webgate/dataset/additives/resource/publicationDate":"2011-11-12 00:00:00.0"},{"@context":"http://ec.europa.eu/semantic_webgate/dataset/additives/resource/Legislation","http://ec.europa.eu/semantic_webgate/dataset/additives/resource/entryDate":"2013-08-20 00:00:00.0","http://ec.europa.eu/semantic_webgate/dataset/additives/resource/legislationReference":"(EU) No 738/2013","http://ec.europa.eu/semantic_webgate/dataset/additives/resource/offiJournalNumber":"L 204","http://ec.europa.eu/semantic_webgate/dataset/additives/resource/legislationUrl":"https://webgate.ec.europa.eu/sanco_foods/main/?event=document.view&identifier=4484&documentCrossTable=legislation&documentType=legislation&documentTypeIdentifier=-1","http://ec.europa.eu/semantic_webgate/dataset/additives/resource/applicationDate":"2013-08-20 00:00:00.0","http://ec.europa.eu/semantic_webgate/dataset/additives/resource/id":"108","http://ec.europa.eu/semantic_webgate/dataset/additives/resource/title":"COMMISSION REGULATION (EU) No 738/2013 of 30 July 2013 amending Annex II to Regulation (EC) No 1333/2008 of the European Parliament and of the Council as regards the use of certain additives in seaweed based fish roe analogues","@subject":"http://ec.europa.eu/semantic_webgate/dataset/additives/resource/legislation-108","http://ec.europa.eu/semantic_webgate/dataset/additives/resource/publicationDate":"2013-07-30 00:00:00.0"},{"@context":"http://ec.europa.eu/semantic_webgate/dataset/additives/resource/Legislation","http://ec.europa.eu/semantic_webgate/dataset/additives/resource/entryDate":"2013-04-09 00:00:00.0","http://ec.europa.eu/semantic_webgate/dataset/additives/resource/legislationReference":"(EU) No 256/2013","http://ec.europa.eu/semantic_webgate/dataset/additives/resource/offiJournalNumber":"L 79","http://ec.europa.eu/semantic_webgate/dataset/additives/resource/legislationUrl":"https://webgate.ec.europa.eu/sanco_foods/main/?event=document.view&identifier=3628&documentCrossTable=legislation&documentType=legislation&documentTypeIdentifier=-1","http://ec.europa.eu/semantic_webgate/dataset/additives/resource/applicationDate":"2013-04-09 00:00:00.0","http://ec.europa.eu/semantic_webgate/dataset/additives/resource/id":"99","http://ec.europa.eu/semantic_webgate/dataset/additives/resource/title":"COMMISSION REGULATION (EU) No 256/2013<br />of 20 March 2013<br />amending Annex III to Regulation (EC) No 1333/2008 of the European Parliament and of the Council as regards the use of Sodium ascorbate (E 301) in vitamin D preparations intended for use in foods for infants and young children","@subject":"http://ec.europa.eu/semantic_webgate/dataset/additives/resource/legislation-99","http://ec.europa.eu/semantic_webgate/dataset/additives/resource/publicationDate":"2013-03-20 00:00:00.0"},{"@context":"http://ec.europa.eu/semantic_webgate/dataset/additives/resource/Legislation","http://ec.europa.eu/semantic_webgate/dataset/additives/resource/entryDate":"2013-06-03 00:00:00.0","http://ec.europa.eu/semantic_webgate/dataset/additives/resource/legislationReference":"(EU) No 438/2013","http://ec.europa.eu/semantic_webgate/dataset/additives/resource/offiJournalNumber":"L129","http://ec.europa.eu/semantic_webgate/dataset/additives/resource/legislationUrl":"https://webgate.ec.europa.eu/sanco_foods/main/?event=document.view&identifier=3605&documentCrossTable=legislation&documentType=legislation&documentTypeIdentifier=-1","http://ec.europa.eu/semantic_webgate/dataset/additives/resource/applicationDate":"2013-06-03 00:00:00.0","http://ec.europa.eu/semantic_webgate/dataset/additives/resource/id":"97","http://ec.europa.eu/semantic_webgate/dataset/additives/resource/title":"Commission Regulation (EU) No 438/2013 of 13 May 2013 amending and correcting Annex II to Regulation (EC) No 1333/2008 of the European Parliament and of the Council as regards the use of certain food additives","@subject":"http://ec.europa.eu/semantic_webgate/dataset/additives/resource/legislation-97","http://ec.europa.eu/semantic_webgate/dataset/additives/resource/publicationDate":"2013-05-14 00:00:00.0"},{"@context":"http://ec.europa.eu/semantic_webgate/dataset/additives/resource/Legislation","http://ec.europa.eu/semantic_webgate/dataset/additives/resource/entryDate":"2011-12-02 00:00:00.0","http://ec.europa.eu/semantic_webgate/dataset/additives/resource/legislationReference":"(EU) No 1131/2011","http://ec.europa.eu/semantic_webgate/dataset/additives/resource/offiJournalNumber":"L295","http://ec.europa.eu/semantic_webgate/dataset/additives/resource/legislationUrl":"https://webgate.ec.europa.eu/sanco_foods/main/?event=document.view&identifier=2584&documentCrossTable=legislation&documentType=legislation&documentTypeIdentifier=-1","http://ec.europa.eu/semantic_webgate/dataset/additives/resource/applicationDate":"2011-12-02 00:00:00.0","http://ec.europa.eu/semantic_webgate/dataset/additives/resource/id":"59","http://ec.europa.eu/semantic_webgate/dataset/additives/resource/title":"Commission Regulation (EU) No 1131/2011 of 11 November 2011 amending Annex II to Regulation (EC) No 1333/2008 of the European Parliament and of the Council with regard to steviol glycosides","@subject":"http://ec.europa.eu/semantic_webgate/dataset/additives/resource/legislation-59","http://ec.europa.eu/semantic_webgate/dataset/additives/resource/publicationDate":"2011-11-12 00:00:00.0"},{"@context":"http://ec.europa.eu/semantic_webgate/dataset/additives/resource/Legislation","http://ec.europa.eu/semantic_webgate/dataset/additives/resource/entryDate":"2013-09-18 00:00:00.0","http://ec.europa.eu/semantic_webgate/dataset/additives/resource/legislationReference":"(EU) No 816/2013","http://ec.europa.eu/semantic_webgate/dataset/additives/resource/offiJournalNumber":"L 230","http://ec.europa.eu/semantic_webgate/dataset/additives/resource/legislationUrl":"https://webgate.ec.europa.eu/sanco_foods/main/?event=document.view&identifier=4474&documentCrossTable=legislation&documentType=legislation&documentTypeIdentifier=-1","http://ec.europa.eu/semantic_webgate/dataset/additives/resource/applicationDate":"2013-09-18 00:00:00.0","http://ec.europa.eu/semantic_webgate/dataset/additives/resource/id":"104","http://ec.europa.eu/semantic_webgate/dataset/additives/resource/title":"REGULATIONS COMMISSION REGULATION (EU) No 816/2013 of 28 August 2013 amending Annex II to Regulation (EC) No 1333/2008 of the European Parliament and of the Council as regards the use of Neutral methacrylate copolymer and Anionic methacrylate copolymer in solid food supplements and the Annex to Commission Regulation (EU) No 231/2012 as regards the specifications for Basic methacrylate copolymer (E 1205), Neutral methacrylate copolymer and Anionic methacrylate copolymer","@subject":"http://ec.europa.eu/semantic_webgate/dataset/additives/resource/legislation-104","http://ec.europa.eu/semantic_webgate/dataset/additives/resource/publicationDate":"2013-08-28 00:00:00.0"},{"@context":"http://ec.europa.eu/semantic_webgate/dataset/additives/resource/Legislation","http://ec.europa.eu/semantic_webgate/dataset/additives/resource/entryDate":"2012-12-03 00:00:00.0","http://ec.europa.eu/semantic_webgate/dataset/additives/resource/legislationReference":"(EU) No 1057/2012","http://ec.europa.eu/semantic_webgate/dataset/additives/resource/offiJournalNumber":"L 313","http://ec.europa.eu/semantic_webgate/dataset/additives/resource/legislationUrl":"https://webgate.ec.europa.eu/sanco_foods/main/?event=document.view&identifier=3289&documentCrossTable=legislation&documentType=legislation&documentTypeIdentifier=-1","http://ec.europa.eu/semantic_webgate/dataset/additives/resource/applicationDate":"2012-12-03 00:00:00.0","http://ec.europa.eu/semantic_webgate/dataset/additives/resource/id":"74","http://ec.europa.eu/semantic_webgate/dataset/additives/resource/title":"Commission Regulation (EU) No 1057/2012 of 12 November 2012 amending Annex II to Regulation (EC) No 1333/2008 of the European Parliament and of the Council as regards the use of dimethyl polysiloxane (E 900) as an anti-foaming agent in food supplements Text with EEA relevance<br /><br />","@subject":"http://ec.europa.eu/semantic_webgate/dataset/additives/resource/legislation-74","http://ec.europa.eu/semantic_webgate/dataset/additives/resource/publicationDate":"2012-11-12 00:00:00.0"},{"@context":"http://ec.europa.eu/semantic_webgate/dataset/additives/resource/Legislation","http://ec.europa.eu/semantic_webgate/dataset/additives/resource/entryDate":"2012-08-13 00:00:00.0","http://ec.europa.eu/semantic_webgate/dataset/additives/resource/legislationReference":"(EU) No 675/2012","http://ec.europa.eu/semantic_webgate/dataset/additives/resource/offiJournalNumber":"L 196","http://ec.europa.eu/semantic_webgate/dataset/additives/resource/legislationUrl":"https://webgate.ec.europa.eu/sanco_foods/main/?event=document.view&identifier=3293&documentCrossTable=legislation&documentType=legislation&documentTypeIdentifier=-1","http://ec.europa.eu/semantic_webgate/dataset/additives/resource/applicationDate":"2012-08-13 00:00:00.0","http://ec.europa.eu/semantic_webgate/dataset/additives/resource/id":"78","http://ec.europa.eu/semantic_webgate/dataset/additives/resource/title":"Commission Regulation (EU) No 675/2012 of 23 July 2012 amending Annex II to Regulation (EC) No 1333/2008 of the European Parliament and of the Council as regards the use of Talc (E 553b) and Carnauba wax (E 903) on unpeeled coloured boiled eggs and the use of Shellac (E 904) on unpeeled boiled eggs","@subject":"http://ec.europa.eu/semantic_webgate/dataset/additives/resource/legislation-78","http://ec.europa.eu/semantic_webgate/dataset/additives/resource/publicationDate":"2012-07-23 00:00:00.0"},{"@context":"http://ec.europa.eu/semantic_webgate/dataset/additives/resource/Legislation","http://ec.europa.eu/semantic_webgate/dataset/additives/resource/entryDate":"1994-09-10 00:00:00.0","http://ec.europa.eu/semantic_webgate/dataset/additives/resource/legislationReference":"94/35/EC","http://ec.europa.eu/semantic_webgate/dataset/additives/resource/offiJournalNumber":"L237","http://ec.europa.eu/semantic_webgate/dataset/additives/resource/legislationUrl":"https://webgate.ec.europa.eu/sanco_foods/main/?event=document.view&identifier=2587&documentCrossTable=legislation&documentType=legislation&documentTypeIdentifier=-1","http://ec.europa.eu/semantic_webgate/dataset/additives/resource/applicationDate":"1994-09-10 00:00:00.0","http://ec.europa.eu/semantic_webgate/dataset/additives/resource/id":"62","http://ec.europa.eu/semantic_webgate/dataset/additives/resource/title":"Unofficial consolidated version of European Parliament and Council Directive 94/35/EC of 30 June 1994 on sweeteners for use in foodstuffs amended by Directive 96/83/EC, Regulation (EC) No 1882/2003, Directive 2003/115/EC and Directive 2006/52/EC","@subject":"http://ec.europa.eu/semantic_webgate/dataset/additives/resource/legislation-62","http://ec.europa.eu/semantic_webgate/dataset/additives/resource/publicationDate":"1994-09-10 00:00:00.0"},{"@context":"http://ec.europa.eu/semantic_webgate/dataset/additives/resource/Legislation","http://ec.europa.eu/semantic_webgate/dataset/additives/resource/entryDate":"2012-07-23 00:00:00.0","http://ec.europa.eu/semantic_webgate/dataset/additives/resource/legislationReference":"(EU) No 583/2012","http://ec.europa.eu/semantic_webgate/dataset/additives/resource/offiJournalNumber":"L 173","http://ec.europa.eu/semantic_webgate/dataset/additives/resource/legislationUrl":"https://webgate.ec.europa.eu/sanco_foods/main/?event=document.view&identifier=3291&documentCrossTable=legislation&documentType=legislation&documentTypeIdentifier=-1","http://ec.europa.eu/semantic_webgate/dataset/additives/resource/applicationDate":"2012-07-23 00:00:00.0","http://ec.europa.eu/semantic_webgate/dataset/additives/resource/id":"76","http://ec.europa.eu/semantic_webgate/dataset/additives/resource/title":"Commission Regulation (EU) No 583/2012 of 2 July 2012 amending Annex II to Regulation (EC) No 1333/2008 of the European Parliament and of the Council as regards the use of polysorbates (E 432-436) in coconut milk","@subject":"http://ec.europa.eu/semantic_webgate/dataset/additives/resource/legislation-76","http://ec.europa.eu/semantic_webgate/dataset/additives/resource/publicationDate":"2012-07-02 00:00:00.0"},{"@context":"http://ec.europa.eu/semantic_webgate/dataset/additives/resource/Legislation","http://ec.europa.eu/semantic_webgate/dataset/additives/resource/entryDate":"1994-09-10 00:00:00.0","http://ec.europa.eu/semantic_webgate/dataset/additives/resource/legislationReference":"94/36/EC","http://ec.europa.eu/semantic_webgate/dataset/additives/resource/offiJournalNumber":"L237","http://ec.europa.eu/semantic_webgate/dataset/additives/resource/legislationUrl":"https://webgate.ec.europa.eu/sanco_foods/main/?event=document.view&identifier=2585&documentCrossTable=legislation&documentType=legislation&documentTypeIdentifier=-1","http://ec.europa.eu/semantic_webgate/dataset/additives/resource/applicationDate":"1994-09-10 00:00:00.0","http://ec.europa.eu/semantic_webgate/dataset/additives/resource/id":"60","http://ec.europa.eu/semantic_webgate/dataset/additives/resource/title":"European Parliament and Council Directive 94/36/EC of 30 June 1994 on colours for use in foodstuffs","@subject":"http://ec.europa.eu/semantic_webgate/dataset/additives/resource/legislation-60","http://ec.europa.eu/semantic_webgate/dataset/additives/resource/publicationDate":"1994-09-10 00:00:00.0"},{"@context":"http://ec.europa.eu/semantic_webgate/dataset/additives/resource/Legislation","http://ec.europa.eu/semantic_webgate/dataset/additives/resource/entryDate":"2012-06-25 00:00:00.0","http://ec.europa.eu/semantic_webgate/dataset/additives/resource/legislationReference":"(EU) No 470/2012","http://ec.europa.eu/semantic_webgate/dataset/additives/resource/offiJournalNumber":"L 144","http://ec.europa.eu/semantic_webgate/dataset/additives/resource/legislationUrl":"https://webgate.ec.europa.eu/sanco_foods/main/?event=document.view&identifier=2917&documentCrossTable=legislation&documentType=legislation&documentTypeIdentifier=-1","http://ec.europa.eu/semantic_webgate/dataset/additives/resource/applicationDate":"2012-06-25 00:00:00.0","http://ec.europa.eu/semantic_webgate/dataset/additives/resource/id":"64","http://ec.europa.eu/semantic_webgate/dataset/additives/resource/title":"COMMISSION REGULATION (EU) No 470/2012 of 4 June 2012 amending Annex II to Regulation (EC) No 1333/2008 of the European Parliament and of the Council as regards the use of polydextrose (E 1200) in beer","@subject":"http://ec.europa.eu/semantic_webgate/dataset/additives/resource/legislation-64","http://ec.europa.eu/semantic_webgate/dataset/additives/resource/publicationDate":"2012-06-05 00:00:00.0"},{"@context":"http://ec.europa.eu/semantic_webgate/dataset/additives/resource/Legislation","http://ec.europa.eu/semantic_webgate/dataset/additives/resource/entryDate":"2012-07-19 00:00:00.0","http://ec.europa.eu/semantic_webgate/dataset/additives/resource/legislationReference":"(EU) No 570/2012","http://ec.europa.eu/semantic_webgate/dataset/additives/resource/offiJournalNumber":"L 169","http://ec.europa.eu/semantic_webgate/dataset/additives/resource/legislationUrl":"https://webgate.ec.europa.eu/sanco_foods/main/?event=document.view&identifier=3425&documentCrossTable=legislation&documentType=legislation&documentTypeIdentifier=-1","http://ec.europa.eu/semantic_webgate/dataset/additives/resource/applicationDate":"2012-07-19 00:00:00.0","http://ec.europa.eu/semantic_webgate/dataset/additives/resource/id":"93","http://ec.europa.eu/semantic_webgate/dataset/additives/resource/title":"Commission Regulation (EU) No 570/2012 of 28 June 2012 amending Annex II to Regulation (EC) No 1333/2008 of the European Parliament and of the Council as regards the use of benzoic acid &mdash; benzoates (E 210-213) in alcohol-free counterparts of wine","@subject":"http://ec.europa.eu/semantic_webgate/dataset/additives/resource/legislation-93","http://ec.europa.eu/semantic_webgate/dataset/additives/resource/publicationDate":"2012-06-28 00:00:00.0"},{"@context":"http://ec.europa.eu/semantic_webgate/dataset/additives/resource/Legislation","http://ec.europa.eu/semantic_webgate/dataset/additives/resource/entryDate":"2013-02-06 00:00:00.0","http://ec.europa.eu/semantic_webgate/dataset/additives/resource/legislationReference":"(EU) No 25/2013","http://ec.europa.eu/semantic_webgate/dataset/additives/resource/offiJournalNumber":"L 13","http://ec.europa.eu/semantic_webgate/dataset/additives/resource/legislationUrl":"https://webgate.ec.europa.eu/sanco_foods/main/?event=document.view&identifier=3527&documentCrossTable=legislation&documentType=legislation&documentTypeIdentifier=-1","http://ec.europa.eu/semantic_webgate/dataset/additives/resource/applicationDate":"2013-02-06 00:00:00.0","http://ec.europa.eu/semantic_webgate/dataset/additives/resource/id":"94","http://ec.europa.eu/semantic_webgate/dataset/additives/resource/title":"Commission Regulation (EU) No 25/2013 of 16 January 2013 amending Annexes II and III to Regulation (EC) No 1333/2008 of the European Parliament and of the Council and the Annex to Commission Regulation (EU) No 231/2012 as regards the food additive potassium diacetate","@subject":"http://ec.europa.eu/semantic_webgate/dataset/additives/resource/legislation-94","http://ec.europa.eu/semantic_webgate/dataset/additives/resource/publicationDate":"2013-01-17 00:00:00.0"},{"@context":"http://ec.europa.eu/semantic_webgate/dataset/additives/resource/Legislation","http://ec.europa.eu/semantic_webgate/dataset/additives/resource/entryDate":"2013-08-20 00:00:00.0","http://ec.europa.eu/semantic_webgate/dataset/additives/resource/legislationReference":"(EU) No 739/2013","http://ec.europa.eu/semantic_webgate/dataset/additives/resource/offiJournalNumber":"L 204","http://ec.europa.eu/semantic_webgate/dataset/additives/resource/legislationUrl":"https://webgate.ec.europa.eu/sanco_foods/main/?event=document.view&identifier=4473&documentCrossTable=legislation&documentType=legislation&documentTypeIdentifier=-1","http://ec.europa.eu/semantic_webgate/dataset/additives/resource/applicationDate":"2013-08-20 00:00:00.0","http://ec.europa.eu/semantic_webgate/dataset/additives/resource/id":"103","http://ec.europa.eu/semantic_webgate/dataset/additives/resource/title":"COMMISSION REGULATION (EU) No 739/2013 of 30 July 2013 amending Annex II to Regulation (EC) No 1333/2008 of the European Parliament and of the Council as regards the use of Stigmasterol-rich plant sterols as a stabiliser in ready-to-freeze alcoholic cocktails, and the Annex to Commission Regulation (EU) No 231/2012 as regards specifications for Stigmasterol-rich plant sterols food additive","@subject":"http://ec.europa.eu/semantic_webgate/dataset/additives/resource/legislation-103","http://ec.europa.eu/semantic_webgate/dataset/additives/resource/publicationDate":"2013-07-30 00:00:00.0"},{"@context":"http://ec.europa.eu/semantic_webgate/dataset/additives/resource/Legislation","http://ec.europa.eu/semantic_webgate/dataset/additives/resource/entryDate":"2013-04-08 00:00:00.0","http://ec.europa.eu/semantic_webgate/dataset/additives/resource/legislationReference":"(EU) No 244/2013","http://ec.europa.eu/semantic_webgate/dataset/additives/resource/offiJournalNumber":"L 77","http://ec.europa.eu/semantic_webgate/dataset/additives/resource/legislationUrl":"https://webgate.ec.europa.eu/sanco_foods/main/?event=document.view&identifier=3627&documentCrossTable=legislation&documentType=legislation&documentTypeIdentifier=-1","http://ec.europa.eu/semantic_webgate/dataset/additives/resource/applicationDate":"2013-04-08 00:00:00.0","http://ec.europa.eu/semantic_webgate/dataset/additives/resource/id":"98","http://ec.europa.eu/semantic_webgate/dataset/additives/resource/title":"COMMISSION REGULATION (EU) No 244/2013<br />of 19 March 2013<br />amending Annex III to Regulation (EC) No 1333/2008 of the European Parliament and of the Council as regards the use of Tricalcium phosphate (E 341 (iii)) in nutrient preparations intended for use in foods for infants and young children","@subject":"http://ec.europa.eu/semantic_webgate/dataset/additives/resource/legislation-98","http://ec.europa.eu/semantic_webgate/dataset/additives/resource/publicationDate":"2013-03-19 00:00:00.0"},{"@context":"http://ec.europa.eu/semantic_webgate/dataset/additives/resource/Legislation","http://ec.europa.eu/semantic_webgate/dataset/additives/resource/entryDate":"2013-10-14 00:00:00.0","http://ec.europa.eu/semantic_webgate/dataset/additives/resource/legislationReference":"(EU) No 913/2013","http://ec.europa.eu/semantic_webgate/dataset/additives/resource/offiJournalNumber":"L 252","http://ec.europa.eu/semantic_webgate/dataset/additives/resource/legislationUrl":"https://webgate.ec.europa.eu/sanco_foods/main/?event=document.view&identifier=4537&documentCrossTable=legislation&documentType=legislation&documentTypeIdentifier=-1","http://ec.europa.eu/semantic_webgate/dataset/additives/resource/applicationDate":"2013-10-14 00:00:00.0","http://ec.europa.eu/semantic_webgate/dataset/additives/resource/id":"109","http://ec.europa.eu/semantic_webgate/dataset/additives/resource/title":"COMMISSION REGULATION (EU) No 913/2013 of 23 September 2013 amending Annex II to Regulation (EC) No 1333/2008 of the European Parliament and of the Council as regards the use of sweeteners in certain fruit or vegetable spreads","@subject":"http://ec.europa.eu/semantic_webgate/dataset/additives/resource/legislation-109","http://ec.europa.eu/semantic_webgate/dataset/additives/resource/publicationDate":"2013-09-23 00:00:00.0"},{"@context":"http://ec.europa.eu/semantic_webgate/dataset/additives/resource/Legislation","http://ec.europa.eu/semantic_webgate/dataset/additives/resource/entryDate":"2011-12-02 00:00:00.0","http://ec.europa.eu/semantic_webgate/dataset/additives/resource/legislationReference":"(EU) No 1129/2011","http://ec.europa.eu/semantic_webgate/dataset/additives/resource/offiJournalNumber":"L295","http://ec.europa.eu/semantic_webgate/dataset/additives/resource/legislationUrl":"https://webgate.ec.europa.eu/sanco_foods/main/?event=document.view&identifier=2581&documentCrossTable=legislation&documentType=legislation&documentTypeIdentifier=-1","http://ec.europa.eu/semantic_webgate/dataset/additives/resource/applicationDate":"2013-06-01 00:00:00.0","http://ec.europa.eu/semantic_webgate/dataset/additives/resource/id":"56","http://ec.europa.eu/semantic_webgate/dataset/additives/resource/title":"Commission Regulation (EU) No 1129/2011 of 11 November 2011 amending Annex II to Regulation (EC) No 1333/2008 of the European Parliament and of the Council by establishing a Union list of food additives","@subject":"http://ec.europa.eu/semantic_webgate/dataset/additives/resource/legislation-56","http://ec.europa.eu/semantic_webgate/dataset/additives/resource/publicationDate":"2011-11-12 00:00:00.0"},{"@context":"http://ec.europa.eu/semantic_webgate/dataset/additives/resource/Legislation","http://ec.europa.eu/semantic_webgate/dataset/additives/resource/entryDate":"2013-06-24 00:00:00.0","http://ec.europa.eu/semantic_webgate/dataset/additives/resource/legislationReference":"(EU) No 509/2013","http://ec.europa.eu/semantic_webgate/dataset/additives/resource/offiJournalNumber":"L 150","http://ec.europa.eu/semantic_webgate/dataset/additives/resource/legislationUrl":"https://webgate.ec.europa.eu/sanco_foods/main/?event=document.view&identifier=4483&documentCrossTable=legislation&documentType=legislation&documentTypeIdentifier=-1","http://ec.europa.eu/semantic_webgate/dataset/additives/resource/applicationDate":"2013-06-24 00:00:00.0","http://ec.europa.eu/semantic_webgate/dataset/additives/resource/id":"107","http://ec.europa.eu/semantic_webgate/dataset/additives/resource/title":"COMMISSION REGULATION (EU) No 509/2013 of 3 June 2013 amending Annex II to Regulation (EC) No 1333/2008 of the European Parliament and of the Council as regards the use of several additives in certain alcoholic beverages","@subject":"http://ec.europa.eu/semantic_webgate/dataset/additives/resource/legislation-107","http://ec.europa.eu/semantic_webgate/dataset/additives/resource/publicationDate":"2013-06-03 00:00:00.0"},{"@context":"http://ec.europa.eu/semantic_webgate/dataset/additives/resource/Legislation","http://ec.europa.eu/semantic_webgate/dataset/additives/resource/entryDate":"2013-09-18 00:00:00.0","http://ec.europa.eu/semantic_webgate/dataset/additives/resource/legislationReference":"(EU) No 817/2013","http://ec.europa.eu/semantic_webgate/dataset/additives/resource/offiJournalNumber":"L 230","http://ec.europa.eu/semantic_webgate/dataset/additives/resource/legislationUrl":"https://webgate.ec.europa.eu/sanco_foods/main/?event=document.view&identifier=4476&documentCrossTable=legislation&documentType=legislation&documentTypeIdentifier=-1","http://ec.europa.eu/semantic_webgate/dataset/additives/resource/applicationDate":"2013-09-18 00:00:00.0","http://ec.europa.eu/semantic_webgate/dataset/additives/resource/id":"105","http://ec.europa.eu/semantic_webgate/dataset/additives/resource/title":"COMMISSION REGULATION (EU) No 817/2013 of 28 August 2013 amending Annexes II and III to Regulation (EC) No 1333/2008 of the European Parliament and of the Council and the Annex to Commission Regulation (EU) No 231/2012 as regards Octenyl succinic acid modified gum arabic","@subject":"http://ec.europa.eu/semantic_webgate/dataset/additives/resource/legislation-105","http://ec.europa.eu/semantic_webgate/dataset/additives/resource/publicationDate":"2013-08-28 00:00:00.0"},{"@context":"http://ec.europa.eu/semantic_webgate/dataset/additives/resource/Legislation","http://ec.europa.eu/semantic_webgate/dataset/additives/resource/entryDate":"2009-01-20 00:00:00.0","http://ec.europa.eu/semantic_webgate/dataset/additives/resource/legislationReference":"(EC) No 1333/2008","http://ec.europa.eu/semantic_webgate/dataset/additives/resource/offiJournalNumber":"L354","http://ec.europa.eu/semantic_webgate/dataset/additives/resource/legislationUrl":"https://webgate.ec.europa.eu/sanco_foods/main/?event=document.view&identifier=2583&documentCrossTable=legislation&documentType=legislation&documentTypeIdentifier=-1","http://ec.europa.eu/semantic_webgate/dataset/additives/resource/applicationDate":"2010-01-20 00:00:00.0","http://ec.europa.eu/semantic_webgate/dataset/additives/resource/id":"58","http://ec.europa.eu/semantic_webgate/dataset/additives/resource/title":"Regulation (EC) No 1333/2008 of the European Parliament and of the Council of 16 December 2008 on food additives","@subject":"http://ec.europa.eu/semantic_webgate/dataset/additives/resource/legislation-58","http://ec.europa.eu/semantic_webgate/dataset/additives/resource/publicationDate":"2008-12-31 00:00:00.0"},{"@context":"http://ec.europa.eu/semantic_webgate/dataset/additives/resource/Legislation","http://ec.europa.eu/semantic_webgate/dataset/additives/resource/entryDate":"2012-05-24 00:00:00.0","http://ec.europa.eu/semantic_webgate/dataset/additives/resource/legislationReference":"(EU) No 380/2012","http://ec.europa.eu/semantic_webgate/dataset/additives/resource/offiJournalNumber":"L 119","http://ec.europa.eu/semantic_webgate/dataset/additives/resource/legislationUrl":"https://webgate.ec.europa.eu/sanco_foods/main/?event=document.view&identifier=3529&documentCrossTable=legislation&documentType=legislation&documentTypeIdentifier=-1","http://ec.europa.eu/semantic_webgate/dataset/additives/resource/applicationDate":"2014-02-01 00:00:00.0","http://ec.europa.eu/semantic_webgate/dataset/additives/resource/id":"96","http://ec.europa.eu/semantic_webgate/dataset/additives/resource/title":"Commission&nbsp;Regulation (EU) No 380/2012 of 3 May 2012 amending Annex II to Regulation (EC) No 1333/2008 of the European Parliament and of the Council as regards the conditions of use and the use levels for aluminium-containing food additives","@subject":"http://ec.europa.eu/semantic_webgate/dataset/additives/resource/legislation-96","http://ec.europa.eu/semantic_webgate/dataset/additives/resource/publicationDate":"2012-05-04 00:00:00.0"},{"@context":"http://ec.europa.eu/semantic_webgate/dataset/additives/resource/Legislation","http://ec.europa.eu/semantic_webgate/dataset/additives/resource/entryDate":"2012-06-25 00:00:00.0","http://ec.europa.eu/semantic_webgate/dataset/additives/resource/legislationReference":"(EC) No 472/2012","http://ec.europa.eu/semantic_webgate/dataset/additives/resource/offiJournalNumber":"144","http://ec.europa.eu/semantic_webgate/dataset/additives/resource/legislationUrl":"https://webgate.ec.europa.eu/sanco_foods/main/?event=document.view&identifier=2926&documentCrossTable=legislation&documentType=legislation&documentTypeIdentifier=-1","http://ec.europa.eu/semantic_webgate/dataset/additives/resource/applicationDate":"2012-06-25 00:00:00.0","http://ec.europa.eu/semantic_webgate/dataset/additives/resource/id":"66","http://ec.europa.eu/semantic_webgate/dataset/additives/resource/title":"COMMISSION REGULATION (EU) No 472/2012 of 4 June 2012 amending Annex II to Regulation (EC) No 1333/2008 of the European Parliament and of the Council as regards the use of glycerol esters of wood rosins (E 445) for printing on hard-coated confectionery products","@subject":"http://ec.europa.eu/semantic_webgate/dataset/additives/resource/legislation-66","http://ec.europa.eu/semantic_webgate/dataset/additives/resource/publicationDate":"2012-06-05 00:00:00.0"},{"@context":"http://ec.europa.eu/semantic_webgate/dataset/additives/resource/Legislation","http://ec.europa.eu/semantic_webgate/dataset/additives/resource/entryDate":"2012-11-29 00:00:00.0","http://ec.europa.eu/semantic_webgate/dataset/additives/resource/legislationReference":"(EU) No 1049/2012","http://ec.europa.eu/semantic_webgate/dataset/additives/resource/offiJournalNumber":"L 310","http://ec.europa.eu/semantic_webgate/dataset/additives/resource/legislationUrl":"https://webgate.ec.europa.eu/sanco_foods/main/?event=document.view&identifier=3290&documentCrossTable=legislation&documentType=legislation&documentTypeIdentifier=-1","http://ec.europa.eu/semantic_webgate/dataset/additives/resource/applicationDate":"2012-11-29 00:00:00.0","http://ec.europa.eu/semantic_webgate/dataset/additives/resource/id":"75","http://ec.europa.eu/semantic_webgate/dataset/additives/resource/title":"Commission Regulation (EU) No 1049/2012 of 8 November 2012 amending Annex II to Regulation (EC) No 1333/2008 of the European Parliament and of the Council as regards the use of polyglycitol syrup in several food categories","@subject":"http://ec.europa.eu/semantic_webgate/dataset/additives/resource/legislation-75","http://ec.europa.eu/semantic_webgate/dataset/additives/resource/publicationDate":"2012-11-08 00:00:00.0"},{"@context":"http://ec.europa.eu/semantic_webgate/dataset/additives/resource/Legislation","http://ec.europa.eu/semantic_webgate/dataset/additives/resource/entryDate":"2012-12-28 00:00:00.0","http://ec.europa.eu/semantic_webgate/dataset/additives/resource/legislationReference":"(EU) No 1166/2012","http://ec.europa.eu/semantic_webgate/dataset/additives/resource/offiJournalNumber":"L 336","http://ec.europa.eu/semantic_webgate/dataset/additives/resource/legislationUrl":"https://webgate.ec.europa.eu/sanco_foods/main/?event=document.view&identifier=3295&documentCrossTable=legislation&documentType=legislation&documentTypeIdentifier=-1","http://ec.europa.eu/semantic_webgate/dataset/additives/resource/applicationDate":"2012-12-28 00:00:00.0","http://ec.europa.eu/semantic_webgate/dataset/additives/resource/id":"80","http://ec.europa.eu/semantic_webgate/dataset/additives/resource/title":"Commission Regulation (EU) No 1166/2012 of 7 December 2012 amending Annex II to Regulation (EC) No 1333/2008 of the European Parliament and of the Council as regards the use of dimethyl dicarbonate (E 242) in certain alcoholic drinks","@subject":"http://ec.europa.eu/semantic_webgate/dataset/additives/resource/legislation-80","http://ec.europa.eu/semantic_webgate/dataset/additives/resource/publicationDate":"2012-12-07 00:00:00.0"},{"@context":"http://ec.europa.eu/semantic_webgate/dataset/additives/resource/Legislation","http://ec.europa.eu/semantic_webgate/dataset/additives/resource/entryDate":"2012-12-25 00:00:00.0","http://ec.europa.eu/semantic_webgate/dataset/additives/resource/legislationReference":"(EU) No 1149/2012","http://ec.europa.eu/semantic_webgate/dataset/additives/resource/offiJournalNumber":"L 333","http://ec.europa.eu/semantic_webgate/dataset/additives/resource/legislationUrl":"https://webgate.ec.europa.eu/sanco_foods/main/?event=document.view&identifier=3292&documentCrossTable=legislation&documentType=legislation&documentTypeIdentifier=-1","http://ec.europa.eu/semantic_webgate/dataset/additives/resource/applicationDate":"2012-12-25 00:00:00.0","http://ec.europa.eu/semantic_webgate/dataset/additives/resource/id":"77","http://ec.europa.eu/semantic_webgate/dataset/additives/resource/title":"Commission Regulation (EU) No 1149/2012 of 4 December 2012 amending Annex II to Regulation (EC) No 1333/2008 of the European Parliament and of the Council as regards the use of extracts of rosemary (E 392) in fillings of stuffed dry pasta","@subject":"http://ec.europa.eu/semantic_webgate/dataset/additives/resource/legislation-77","http://ec.europa.eu/semantic_webgate/dataset/additives/resource/publicationDate":"2012-12-04 00:00:00.0"},{"@context":"http://ec.europa.eu/semantic_webgate/dataset/additives/resource/Legislation","http://ec.europa.eu/semantic_webgate/dataset/additives/resource/entryDate":"2012-12-25 00:00:00.0","http://ec.europa.eu/semantic_webgate/dataset/additives/resource/legislationReference":"(EU) No 1147/2012","http://ec.europa.eu/semantic_webgate/dataset/additives/resource/offiJournalNumber":"L 333","http://ec.europa.eu/semantic_webgate/dataset/additives/resource/legislationUrl":"https://webgate.ec.europa.eu/sanco_foods/main/?event=document.view&identifier=3294&documentCrossTable=legislation&documentType=legislation&documentTypeIdentifier=-1","http://ec.europa.eu/semantic_webgate/dataset/additives/resource/applicationDate":"2012-12-25 00:00:00.0","http://ec.europa.eu/semantic_webgate/dataset/additives/resource/id":"79","http://ec.europa.eu/semantic_webgate/dataset/additives/resource/title":"Commission Regulation (EU) No 1147/2012 of 4 December 2012 amending Annex II to Regulation (EC) No 1333/2008 of the European Parliament and of the Council as regards the use of beeswax (E 901), carnauba wax (E 903), shellac (E 904) and microcrystalline wax (E 905) on certain fruits","@subject":"http://ec.europa.eu/semantic_webgate/dataset/additives/resource/legislation-79","http://ec.europa.eu/semantic_webgate/dataset/additives/resource/publicationDate":"2012-12-04 00:00:00.0"},{"@context":"http://ec.europa.eu/semantic_webgate/dataset/additives/resource/Legislation","http://ec.europa.eu/semantic_webgate/dataset/additives/resource/entryDate":"1995-03-25 00:00:00.0","http://ec.europa.eu/semantic_webgate/dataset/additives/resource/legislationReference":"95/2/EC","http://ec.europa.eu/semantic_webgate/dataset/additives/resource/offiJournalNumber":"L61","http://ec.europa.eu/semantic_webgate/dataset/additives/resource/legislationUrl":"https://webgate.ec.europa.eu/sanco_foods/main/?event=document.view&identifier=2586&documentCrossTable=legislation&documentType=legislation&documentTypeIdentifier=-1","http://ec.europa.eu/semantic_webgate/dataset/additives/resource/applicationDate":"1995-03-25 00:00:00.0","http://ec.europa.eu/semantic_webgate/dataset/additives/resource/id":"61","http://ec.europa.eu/semantic_webgate/dataset/additives/resource/title":"Unofficial consolidated version of European Parliament and Council Directive No 95/2/EC of 20 February 1995 on food additives other than colours and sweeteners amended by Directive 96/85/EC, Directive 98/72/EC, Directive 2001/5/EC, Directive 2003/52/EC, Regulation (EC) No 1882/2003, Directive 2003/114/EC and Directive 2006/52/EC","@subject":"http://ec.europa.eu/semantic_webgate/dataset/additives/resource/legislation-61","http://ec.europa.eu/semantic_webgate/dataset/additives/resource/publicationDate":"1995-03-18 00:00:00.0"},{"@context":"http://ec.europa.eu/semantic_webgate/dataset/additives/resource/Legislation","http://ec.europa.eu/semantic_webgate/dataset/additives/resource/entryDate":"2012-06-25 00:00:00.0","http://ec.europa.eu/semantic_webgate/dataset/additives/resource/legislationReference":"(EU) No 471/2012","http://ec.europa.eu/semantic_webgate/dataset/additives/resource/offiJournalNumber":"L 144","http://ec.europa.eu/semantic_webgate/dataset/additives/resource/legislationUrl":"https://webgate.ec.europa.eu/sanco_foods/main/?event=document.view&identifier=2925&documentCrossTable=legislation&documentType=legislation&documentTypeIdentifier=-1","http://ec.europa.eu/semantic_webgate/dataset/additives/resource/applicationDate":"2012-06-25 00:00:00.0","http://ec.europa.eu/semantic_webgate/dataset/additives/resource/id":"65","http://ec.europa.eu/semantic_webgate/dataset/additives/resource/title":"COMMISSION REGULATION (EU) No 471/2012 of 4 June 2012 amending Annex II to Regulation (EC) No 1333/2008 of the European Parliament and of the Council as regards the use of lysozyme (E 1105) in beer","@subject":"http://ec.europa.eu/semantic_webgate/dataset/additives/resource/legislation-65","http://ec.europa.eu/semantic_webgate/dataset/additives/resource/publicationDate":"2012-06-05 00:00:00.0"},{"@context":"http://ec.europa.eu/geninfo/LegalNotices","http://www.w3.org/2000/01/rdf-schema#label":{"en":"The information and data on this site is subject to a disclaimer, a copyright notice rules related to personal data protection and cookies.  For further information:   http://ec.europa.eu/geninfo/legal_notices_en.htm"},"@subject":"http://ec.europa.eu/geninfo/legal_notices_en.htm"}]}