<?xml version="1.0" encoding="UTF-8"?>
<rdf:RDF xmlns:rdf="http://www.w3.org/1999/02/22-rdf-syntax-ns#"> 
  <rdf:Description rdf:about="http://ec.europa.eu/semantic_webgate/dataset/additives/resource/applicationCategory-122-04.2.5.3">
    <additives:hasLegislation xmlns:additives="http://ec.europa.eu/semantic_webgate/dataset/additives/resource/" rdf:resource="http://ec.europa.eu/semantic_webgate/dataset/additives/resource/legislation-75"/>
    <additives:hasCategory xmlns:additives="http://ec.europa.eu/semantic_webgate/dataset/additives/resource/" rdf:resource="http://ec.europa.eu/semantic_webgate/dataset/additives/resource/category-16"/>
    <additives:categoryCode xmlns:additives="http://ec.europa.eu/semantic_webgate/dataset/additives/resource/">5.2</additives:categoryCode>
    <additives:hasCategory xmlns:additives="http://ec.europa.eu/semantic_webgate/dataset/additives/resource/" rdf:resource="http://ec.europa.eu/semantic_webgate/dataset/additives/resource/category-6.3"/>
    <additives:categoryCode xmlns:additives="http://ec.europa.eu/semantic_webgate/dataset/additives/resource/">7.2</additives:categoryCode>
    <additives:categoryName xmlns:additives="http://ec.europa.eu/semantic_webgate/dataset/additives/resource/">Cocoa and Chocolate products as covered by Directive 2000/36/EC</additives:categoryName>
    <additives:hasCategory xmlns:additives="http://ec.europa.eu/semantic_webgate/dataset/additives/resource/" rdf:resource="http://ec.europa.eu/semantic_webgate/dataset/additives/resource/category-7.2"/>
    <additives:categoryCode xmlns:additives="http://ec.europa.eu/semantic_webgate/dataset/additives/resource/">5.3</additives:categoryCode>
    <additives:categoryName xmlns:additives="http://ec.europa.eu/semantic_webgate/dataset/additives/resource/">Desserts excluding products covered in category 1, 3 and 4</additives:categoryName>
    <additives:categoryName xmlns:additives="http://ec.europa.eu/semantic_webgate/dataset/additives/resource/">Extra jam and extra jelly as defined by Directive 2001/113/EC</additives:categoryName>
    <additives:categoryCode xmlns:additives="http://ec.europa.eu/semantic_webgate/dataset/additives/resource/">6.3</additives:categoryCode>
    <additives:categoryName xmlns:additives="http://ec.europa.eu/semantic_webgate/dataset/additives/resource/">Chewing gum</additives:categoryName>
    <additives:categoryName xmlns:additives="http://ec.europa.eu/semantic_webgate/dataset/additives/resource/">Breakfast cereals</additives:categoryName>
    <additives:categoryCode xmlns:additives="http://ec.europa.eu/semantic_webgate/dataset/additives/resource/">3</additives:categoryCode>
    <additives:categoryName xmlns:additives="http://ec.europa.eu/semantic_webgate/dataset/additives/resource/">Edible ices</additives:categoryName>
    <additives:hasApplication xmlns:additives="http://ec.europa.eu/semantic_webgate/dataset/additives/resource/" rdf:resource="http://ec.europa.eu/semantic_webgate/dataset/additives/resource/application-122"/>
    <additives:categoryName xmlns:additives="http://ec.europa.eu/semantic_webgate/dataset/additives/resource/">Other similar fruit or vegetable spreads</additives:categoryName>
    <additives:refNumberAppProc xmlns:additives="http://ec.europa.eu/semantic_webgate/dataset/additives/resource/">2006/02</additives:refNumberAppProc>
    <additives:categoryCode xmlns:additives="http://ec.europa.eu/semantic_webgate/dataset/additives/resource/">5.1</additives:categoryCode>
    <additives:hasCategory xmlns:additives="http://ec.europa.eu/semantic_webgate/dataset/additives/resource/" rdf:resource="http://ec.europa.eu/semantic_webgate/dataset/additives/resource/category-3"/>
    <additives:categoryCode xmlns:additives="http://ec.europa.eu/semantic_webgate/dataset/additives/resource/">16</additives:categoryCode>
    <additives:categoryCode xmlns:additives="http://ec.europa.eu/semantic_webgate/dataset/additives/resource/">04.2.5.3</additives:categoryCode>
    <additives:hasCategory xmlns:additives="http://ec.europa.eu/semantic_webgate/dataset/additives/resource/" rdf:resource="http://ec.europa.eu/semantic_webgate/dataset/additives/resource/category-5.3"/>
    <rdf:type rdf:resource="http://ec.europa.eu/semantic_webgate/dataset/additives/resource/ApplicationCategory"/>
    <additives:hasCategory xmlns:additives="http://ec.europa.eu/semantic_webgate/dataset/additives/resource/" rdf:resource="http://ec.europa.eu/semantic_webgate/dataset/additives/resource/category-5.2"/>
    <additives:categoryName xmlns:additives="http://ec.europa.eu/semantic_webgate/dataset/additives/resource/">Other confectionery including breath refreshening microsweets</additives:categoryName>
    <additives:hasCategory xmlns:additives="http://ec.europa.eu/semantic_webgate/dataset/additives/resource/" rdf:resource="http://ec.europa.eu/semantic_webgate/dataset/additives/resource/category-04.2.5.3"/>
    <additives:categoryName xmlns:additives="http://ec.europa.eu/semantic_webgate/dataset/additives/resource/">Jam, jellies and marmalades and sweetened chestnut puree as defined by Directive 2001/113/EC</additives:categoryName>
    <additives:hasCategory xmlns:additives="http://ec.europa.eu/semantic_webgate/dataset/additives/resource/" rdf:resource="http://ec.europa.eu/semantic_webgate/dataset/additives/resource/category-5.1"/>
    <additives:hasCategory xmlns:additives="http://ec.europa.eu/semantic_webgate/dataset/additives/resource/" rdf:resource="http://ec.europa.eu/semantic_webgate/dataset/additives/resource/category-04.2.5.2"/>
    <additives:hasCategory xmlns:additives="http://ec.europa.eu/semantic_webgate/dataset/additives/resource/" rdf:resource="http://ec.europa.eu/semantic_webgate/dataset/additives/resource/category-04.2.5.1"/>
    <additives:categoryCode xmlns:additives="http://ec.europa.eu/semantic_webgate/dataset/additives/resource/">04.2.5.2</additives:categoryCode>
    <additives:categoryCode xmlns:additives="http://ec.europa.eu/semantic_webgate/dataset/additives/resource/">04.2.5.1</additives:categoryCode>
    <additives:categoryName xmlns:additives="http://ec.europa.eu/semantic_webgate/dataset/additives/resource/">Fine bakery wares</additives:categoryName>
  </rdf:Description>
  <rdf:Description rdf:about="http://ec.europa.eu/semantic_webgate/dataset/additives/resource/applicationCategory-361-04.2.4.1">
    <additives:hasLegislation xmlns:additives="http://ec.europa.eu/semantic_webgate/dataset/additives/resource/" rdf:resource="http://ec.europa.eu/semantic_webgate/dataset/additives/resource/legislation-108"/>
    <additives:hasCategory xmlns:additives="http://ec.europa.eu/semantic_webgate/dataset/additives/resource/" rdf:resource="http://ec.europa.eu/semantic_webgate/dataset/additives/resource/category-04.2.4.1"/>
    <additives:hasApplication xmlns:additives="http://ec.europa.eu/semantic_webgate/dataset/additives/resource/" rdf:resource="http://ec.europa.eu/semantic_webgate/dataset/additives/resource/application-361"/>
    <additives:categoryName xmlns:additives="http://ec.europa.eu/semantic_webgate/dataset/additives/resource/">Fruit and vegetable preparations excluding compote</additives:categoryName>
    <additives:categoryCode xmlns:additives="http://ec.europa.eu/semantic_webgate/dataset/additives/resource/">04.2.4.1</additives:categoryCode>
    <rdf:type rdf:resource="http://ec.europa.eu/semantic_webgate/dataset/additives/resource/ApplicationCategory"/>
  </rdf:Description>
  <rdf:Description rdf:about="http://ec.europa.eu/semantic_webgate/dataset/additives/resource/applicationCategory-111-4.1.1">
    <additives:hasLegislation xmlns:additives="http://ec.europa.eu/semantic_webgate/dataset/additives/resource/" rdf:resource="http://ec.europa.eu/semantic_webgate/dataset/additives/resource/legislation-79"/>
    <additives:hasCategory xmlns:additives="http://ec.europa.eu/semantic_webgate/dataset/additives/resource/" rdf:resource="http://ec.europa.eu/semantic_webgate/dataset/additives/resource/category-4.1.1"/>
    <additives:hasApplication xmlns:additives="http://ec.europa.eu/semantic_webgate/dataset/additives/resource/" rdf:resource="http://ec.europa.eu/semantic_webgate/dataset/additives/resource/application-111"/>
    <additives:refNumberAppProc xmlns:additives="http://ec.europa.eu/semantic_webgate/dataset/additives/resource/">2010/01</additives:refNumberAppProc>
    <additives:categoryName xmlns:additives="http://ec.europa.eu/semantic_webgate/dataset/additives/resource/">Entire fresh fruit and vegetables</additives:categoryName>
    <additives:categoryCode xmlns:additives="http://ec.europa.eu/semantic_webgate/dataset/additives/resource/">4.1.1</additives:categoryCode>
    <rdf:type rdf:resource="http://ec.europa.eu/semantic_webgate/dataset/additives/resource/ApplicationCategory"/>
  </rdf:Description>
  <rdf:Description rdf:about="http://ec.europa.eu/semantic_webgate/dataset/additives/resource/applicationCategory-384-4.1.1">
    <additives:hasLegislation xmlns:additives="http://ec.europa.eu/semantic_webgate/dataset/additives/resource/" rdf:resource="http://ec.europa.eu/semantic_webgate/dataset/additives/resource/legislation-106"/>
    <additives:hasCategory xmlns:additives="http://ec.europa.eu/semantic_webgate/dataset/additives/resource/" rdf:resource="http://ec.europa.eu/semantic_webgate/dataset/additives/resource/category-4.1.1"/>
    <additives:hasApplication xmlns:additives="http://ec.europa.eu/semantic_webgate/dataset/additives/resource/" rdf:resource="http://ec.europa.eu/semantic_webgate/dataset/additives/resource/application-384"/>
    <additives:categoryName xmlns:additives="http://ec.europa.eu/semantic_webgate/dataset/additives/resource/">Entire fresh fruit and vegetables</additives:categoryName>
    <additives:categoryCode xmlns:additives="http://ec.europa.eu/semantic_webgate/dataset/additives/resource/">4.1.1</additives:categoryCode>
    <rdf:type rdf:resource="http://ec.europa.eu/semantic_webgate/dataset/additives/resource/ApplicationCategory"/>
  </rdf:Description>
  <rdf:Description rdf:about="http://ec.europa.eu/semantic_webgate/dataset/additives/resource/applicationCategory-126-14.2.8">
    <additives:categoryName xmlns:additives="http://ec.europa.eu/semantic_webgate/dataset/additives/resource/">Fruit wine and made wine</additives:categoryName>
    <additives:refNumberAppProc xmlns:additives="http://ec.europa.eu/semantic_webgate/dataset/additives/resource/">2011/06</additives:refNumberAppProc>
    <additives:categoryCode xmlns:additives="http://ec.europa.eu/semantic_webgate/dataset/additives/resource/">14.2.8</additives:categoryCode>
    <additives:hasApplication xmlns:additives="http://ec.europa.eu/semantic_webgate/dataset/additives/resource/" rdf:resource="http://ec.europa.eu/semantic_webgate/dataset/additives/resource/application-126"/>
    <additives:hasLegislation xmlns:additives="http://ec.europa.eu/semantic_webgate/dataset/additives/resource/" rdf:resource="http://ec.europa.eu/semantic_webgate/dataset/additives/resource/legislation-80"/>
    <additives:hasCategory xmlns:additives="http://ec.europa.eu/semantic_webgate/dataset/additives/resource/" rdf:resource="http://ec.europa.eu/semantic_webgate/dataset/additives/resource/category-14.2.8"/>
    <additives:categoryCode xmlns:additives="http://ec.europa.eu/semantic_webgate/dataset/additives/resource/">14.2.4</additives:categoryCode>
    <additives:hasApplication xmlns:additives="http://ec.europa.eu/semantic_webgate/dataset/additives/resource/" rdf:resource="http://ec.europa.eu/semantic_webgate/dataset/additives/resource/application-376"/>
    <additives:hasLegislation xmlns:additives="http://ec.europa.eu/semantic_webgate/dataset/additives/resource/" rdf:resource="http://ec.europa.eu/semantic_webgate/dataset/additives/resource/legislation-107"/>
    <rdf:type rdf:resource="http://ec.europa.eu/semantic_webgate/dataset/additives/resource/ApplicationCategory"/>
    <additives:hasCategory xmlns:additives="http://ec.europa.eu/semantic_webgate/dataset/additives/resource/" rdf:resource="http://ec.europa.eu/semantic_webgate/dataset/additives/resource/category-14.2.4"/>
    <additives:categoryName xmlns:additives="http://ec.europa.eu/semantic_webgate/dataset/additives/resource/">Other alcoholic drinks including mixtures of alcoholic drinks with non-alcoholic drinks and spirits with less than 15 % of alcohol and</additives:categoryName>
  </rdf:Description>
  <rdf:Description rdf:about="http://ec.europa.eu/semantic_webgate/dataset/additives/resource/applicationCategory-371-04.2.4.1">
    <additives:hasLegislation xmlns:additives="http://ec.europa.eu/semantic_webgate/dataset/additives/resource/" rdf:resource="http://ec.europa.eu/semantic_webgate/dataset/additives/resource/legislation-108"/>
    <additives:hasCategory xmlns:additives="http://ec.europa.eu/semantic_webgate/dataset/additives/resource/" rdf:resource="http://ec.europa.eu/semantic_webgate/dataset/additives/resource/category-04.2.4.1"/>
    <additives:hasApplication xmlns:additives="http://ec.europa.eu/semantic_webgate/dataset/additives/resource/" rdf:resource="http://ec.europa.eu/semantic_webgate/dataset/additives/resource/application-371"/>
    <additives:categoryName xmlns:additives="http://ec.europa.eu/semantic_webgate/dataset/additives/resource/">Fruit and vegetable preparations excluding compote</additives:categoryName>
    <additives:categoryCode xmlns:additives="http://ec.europa.eu/semantic_webgate/dataset/additives/resource/">04.2.4.1</additives:categoryCode>
    <rdf:type rdf:resource="http://ec.europa.eu/semantic_webgate/dataset/additives/resource/ApplicationCategory"/>
  </rdf:Description>
  <rdf:Description rdf:about="http://ec.europa.eu/semantic_webgate/dataset/additives/resource/applicationCategory-375-14.2.4">
    <additives:hasLegislation xmlns:additives="http://ec.europa.eu/semantic_webgate/dataset/additives/resource/" rdf:resource="http://ec.europa.eu/semantic_webgate/dataset/additives/resource/legislation-107"/>
    <additives:hasCategory xmlns:additives="http://ec.europa.eu/semantic_webgate/dataset/additives/resource/" rdf:resource="http://ec.europa.eu/semantic_webgate/dataset/additives/resource/category-14.2.4"/>
    <additives:hasApplication xmlns:additives="http://ec.europa.eu/semantic_webgate/dataset/additives/resource/" rdf:resource="http://ec.europa.eu/semantic_webgate/dataset/additives/resource/application-375"/>
    <additives:categoryName xmlns:additives="http://ec.europa.eu/semantic_webgate/dataset/additives/resource/">Fruit wine and made wine</additives:categoryName>
    <additives:categoryCode xmlns:additives="http://ec.europa.eu/semantic_webgate/dataset/additives/resource/">14.2.4</additives:categoryCode>
    <rdf:type rdf:resource="http://ec.europa.eu/semantic_webgate/dataset/additives/resource/ApplicationCategory"/>
  </rdf:Description>
  <rdf:Description rdf:about="http://ec.europa.eu/semantic_webgate/dataset/additives/resource/applicationCategory-123-5.2">
    <additives:hasLegislation xmlns:additives="http://ec.europa.eu/semantic_webgate/dataset/additives/resource/" rdf:resource="http://ec.europa.eu/semantic_webgate/dataset/additives/resource/legislation-66"/>
    <additives:hasCategory xmlns:additives="http://ec.europa.eu/semantic_webgate/dataset/additives/resource/" rdf:resource="http://ec.europa.eu/semantic_webgate/dataset/additives/resource/category-5.2"/>
    <additives:hasApplication xmlns:additives="http://ec.europa.eu/semantic_webgate/dataset/additives/resource/" rdf:resource="http://ec.europa.eu/semantic_webgate/dataset/additives/resource/application-123"/>
    <additives:refNumberAppProc xmlns:additives="http://ec.europa.eu/semantic_webgate/dataset/additives/resource/">2010/02</additives:refNumberAppProc>
    <additives:categoryName xmlns:additives="http://ec.europa.eu/semantic_webgate/dataset/additives/resource/">Other confectionery including breath refreshening microsweets</additives:categoryName>
    <additives:categoryCode xmlns:additives="http://ec.europa.eu/semantic_webgate/dataset/additives/resource/">5.2</additives:categoryCode>
    <rdf:type rdf:resource="http://ec.europa.eu/semantic_webgate/dataset/additives/resource/ApplicationCategory"/>
  </rdf:Description>
  <rdf:Description rdf:about="http://ec.europa.eu/semantic_webgate/dataset/additives/resource/applicationCategory-385-04.2.5.3">
    <additives:hasLegislation xmlns:additives="http://ec.europa.eu/semantic_webgate/dataset/additives/resource/" rdf:resource="http://ec.europa.eu/semantic_webgate/dataset/additives/resource/legislation-109"/>
    <additives:hasCategory xmlns:additives="http://ec.europa.eu/semantic_webgate/dataset/additives/resource/" rdf:resource="http://ec.europa.eu/semantic_webgate/dataset/additives/resource/category-04.2.5.3"/>
    <additives:hasApplication xmlns:additives="http://ec.europa.eu/semantic_webgate/dataset/additives/resource/" rdf:resource="http://ec.europa.eu/semantic_webgate/dataset/additives/resource/application-385"/>
    <additives:categoryName xmlns:additives="http://ec.europa.eu/semantic_webgate/dataset/additives/resource/">Other similar fruit or vegetable spreads</additives:categoryName>
    <additives:categoryCode xmlns:additives="http://ec.europa.eu/semantic_webgate/dataset/additives/resource/">04.2.5.3</additives:categoryCode>
    <rdf:type rdf:resource="http://ec.europa.eu/semantic_webgate/dataset/additives/resource/ApplicationCategory"/>
  </rdf:Description>
  <rdf:Description rdf:about="http://ec.europa.eu/semantic_webgate/dataset/additives/resource/applicationCategory-365-04.2.4.1">
    <additives:hasLegislation xmlns:additives="http://ec.europa.eu/semantic_webgate/dataset/additives/resource/" rdf:resource="http://ec.europa.eu/semantic_webgate/dataset/additives/resource/legislation-108"/>
    <additives:hasCategory xmlns:additives="http://ec.europa.eu/semantic_webgate/dataset/additives/resource/" rdf:resource="http://ec.europa.eu/semantic_webgate/dataset/additives/resource/category-04.2.4.1"/>
    <additives:hasApplication xmlns:additives="http://ec.europa.eu/semantic_webgate/dataset/additives/resource/" rdf:resource="http://ec.europa.eu/semantic_webgate/dataset/additives/resource/application-365"/>
    <additives:categoryName xmlns:additives="http://ec.europa.eu/semantic_webgate/dataset/additives/resource/">Fruit and vegetable preparations excluding compote</additives:categoryName>
    <additives:categoryCode xmlns:additives="http://ec.europa.eu/semantic_webgate/dataset/additives/resource/">04.2.4.1</additives:categoryCode>
    <rdf:type rdf:resource="http://ec.europa.eu/semantic_webgate/dataset/additives/resource/ApplicationCategory"/>
  </rdf:Description>
  <rdf:Description rdf:about="http://ec.europa.eu/semantic_webgate/dataset/additives/resource/applicationCategory-369-04.2.4.1">
    <additives:categoryName xmlns:additives="http://ec.europa.eu/semantic_webgate/dataset/additives/resource/">Fruit and vegetable preparations excluding compote</additives:categoryName>
    <additives:hasLegislation xmlns:additives="http://ec.europa.eu/semantic_webgate/dataset/additives/resource/" rdf:resource="http://ec.europa.eu/semantic_webgate/dataset/additives/resource/legislation-109"/>
    <additives:hasLegislation xmlns:additives="http://ec.europa.eu/semantic_webgate/dataset/additives/resource/" rdf:resource="http://ec.europa.eu/semantic_webgate/dataset/additives/resource/legislation-108"/>
    <additives:hasCategory xmlns:additives="http://ec.europa.eu/semantic_webgate/dataset/additives/resource/" rdf:resource="http://ec.europa.eu/semantic_webgate/dataset/additives/resource/category-04.2.5.3"/>
    <additives:categoryCode xmlns:additives="http://ec.europa.eu/semantic_webgate/dataset/additives/resource/">04.2.4.1</additives:categoryCode>
    <additives:hasCategory xmlns:additives="http://ec.europa.eu/semantic_webgate/dataset/additives/resource/" rdf:resource="http://ec.europa.eu/semantic_webgate/dataset/additives/resource/category-04.2.4.1"/>
    <additives:categoryCode xmlns:additives="http://ec.europa.eu/semantic_webgate/dataset/additives/resource/">04.2.5.3</additives:categoryCode>
    <additives:hasApplication xmlns:additives="http://ec.europa.eu/semantic_webgate/dataset/additives/resource/" rdf:resource="http://ec.europa.eu/semantic_webgate/dataset/additives/resource/application-369"/>
    <additives:hasApplication xmlns:additives="http://ec.europa.eu/semantic_webgate/dataset/additives/resource/" rdf:resource="http://ec.europa.eu/semantic_webgate/dataset/additives/resource/application-387"/>
    <additives:categoryName xmlns:additives="http://ec.europa.eu/semantic_webgate/dataset/additives/resource/">Other similar fruit or vegetable spreads</additives:categoryName>
    <rdf:type rdf:resource="http://ec.europa.eu/semantic_webgate/dataset/additives/resource/ApplicationCategory"/>
  </rdf:Description>
  <rdf:Description rdf:about="http://ec.europa.eu/semantic_webgate/dataset/additives/resource/applicationCategory-112-4.1.1">
    <additives:hasLegislation xmlns:additives="http://ec.europa.eu/semantic_webgate/dataset/additives/resource/" rdf:resource="http://ec.europa.eu/semantic_webgate/dataset/additives/resource/legislation-79"/>
    <additives:hasCategory xmlns:additives="http://ec.europa.eu/semantic_webgate/dataset/additives/resource/" rdf:resource="http://ec.europa.eu/semantic_webgate/dataset/additives/resource/category-4.1.1"/>
    <additives:hasApplication xmlns:additives="http://ec.europa.eu/semantic_webgate/dataset/additives/resource/" rdf:resource="http://ec.europa.eu/semantic_webgate/dataset/additives/resource/application-112"/>
    <additives:refNumberAppProc xmlns:additives="http://ec.europa.eu/semantic_webgate/dataset/additives/resource/">2011/02</additives:refNumberAppProc>
    <additives:categoryName xmlns:additives="http://ec.europa.eu/semantic_webgate/dataset/additives/resource/">Entire fresh fruit and vegetables</additives:categoryName>
    <additives:categoryCode xmlns:additives="http://ec.europa.eu/semantic_webgate/dataset/additives/resource/">4.1.1</additives:categoryCode>
    <rdf:type rdf:resource="http://ec.europa.eu/semantic_webgate/dataset/additives/resource/ApplicationCategory"/>
  </rdf:Description>
  <rdf:Description rdf:about="http://ec.europa.eu/semantic_webgate/dataset/additives/resource/applicationCategory-368-04.2.4.1">
    <additives:hasLegislation xmlns:additives="http://ec.europa.eu/semantic_webgate/dataset/additives/resource/" rdf:resource="http://ec.europa.eu/semantic_webgate/dataset/additives/resource/legislation-108"/>
    <additives:hasCategory xmlns:additives="http://ec.europa.eu/semantic_webgate/dataset/additives/resource/" rdf:resource="http://ec.europa.eu/semantic_webgate/dataset/additives/resource/category-04.2.4.1"/>
    <additives:hasApplication xmlns:additives="http://ec.europa.eu/semantic_webgate/dataset/additives/resource/" rdf:resource="http://ec.europa.eu/semantic_webgate/dataset/additives/resource/application-368"/>
    <additives:categoryName xmlns:additives="http://ec.europa.eu/semantic_webgate/dataset/additives/resource/">Fruit and vegetable preparations excluding compote</additives:categoryName>
    <additives:categoryCode xmlns:additives="http://ec.europa.eu/semantic_webgate/dataset/additives/resource/">04.2.4.1</additives:categoryCode>
    <rdf:type rdf:resource="http://ec.europa.eu/semantic_webgate/dataset/additives/resource/ApplicationCategory"/>
  </rdf:Description>
  <rdf:Description rdf:about="http://ec.europa.eu/semantic_webgate/dataset/additives/resource/applicationCategory-132-17.1">
    <additives:hasLegislation xmlns:additives="http://ec.europa.eu/semantic_webgate/dataset/additives/resource/" rdf:resource="http://ec.europa.eu/semantic_webgate/dataset/additives/resource/legislation-74"/>
    <additives:hasCategory xmlns:additives="http://ec.europa.eu/semantic_webgate/dataset/additives/resource/" rdf:resource="http://ec.europa.eu/semantic_webgate/dataset/additives/resource/category-17.1"/>
    <additives:hasApplication xmlns:additives="http://ec.europa.eu/semantic_webgate/dataset/additives/resource/" rdf:resource="http://ec.europa.eu/semantic_webgate/dataset/additives/resource/application-132"/>
    <additives:refNumberAppProc xmlns:additives="http://ec.europa.eu/semantic_webgate/dataset/additives/resource/">2011/08</additives:refNumberAppProc>
    <additives:categoryName xmlns:additives="http://ec.europa.eu/semantic_webgate/dataset/additives/resource/">Food supplements supplied in a solid form including capsules and tablets and similar forms, excluding chewable forms</additives:categoryName>
    <additives:categoryCode xmlns:additives="http://ec.europa.eu/semantic_webgate/dataset/additives/resource/">17.1</additives:categoryCode>
    <rdf:type rdf:resource="http://ec.europa.eu/semantic_webgate/dataset/additives/resource/ApplicationCategory"/>
  </rdf:Description>
  <rdf:Description rdf:about="http://ec.europa.eu/semantic_webgate/dataset/additives/resource/applicationCategory-383-4.1.1">
    <additives:hasLegislation xmlns:additives="http://ec.europa.eu/semantic_webgate/dataset/additives/resource/" rdf:resource="http://ec.europa.eu/semantic_webgate/dataset/additives/resource/legislation-106"/>
    <additives:hasCategory xmlns:additives="http://ec.europa.eu/semantic_webgate/dataset/additives/resource/" rdf:resource="http://ec.europa.eu/semantic_webgate/dataset/additives/resource/category-4.1.1"/>
    <additives:hasApplication xmlns:additives="http://ec.europa.eu/semantic_webgate/dataset/additives/resource/" rdf:resource="http://ec.europa.eu/semantic_webgate/dataset/additives/resource/application-383"/>
    <additives:categoryName xmlns:additives="http://ec.europa.eu/semantic_webgate/dataset/additives/resource/">Entire fresh fruit and vegetables</additives:categoryName>
    <additives:categoryCode xmlns:additives="http://ec.europa.eu/semantic_webgate/dataset/additives/resource/">4.1.1</additives:categoryCode>
    <rdf:type rdf:resource="http://ec.europa.eu/semantic_webgate/dataset/additives/resource/ApplicationCategory"/>
  </rdf:Description>
  <rdf:Description rdf:about="http://ec.europa.eu/semantic_webgate/dataset/additives/resource/applicationCategory-373-14.2.4">
    <additives:hasLegislation xmlns:additives="http://ec.europa.eu/semantic_webgate/dataset/additives/resource/" rdf:resource="http://ec.europa.eu/semantic_webgate/dataset/additives/resource/legislation-107"/>
    <additives:hasCategory xmlns:additives="http://ec.europa.eu/semantic_webgate/dataset/additives/resource/" rdf:resource="http://ec.europa.eu/semantic_webgate/dataset/additives/resource/category-14.2.4"/>
    <additives:hasApplication xmlns:additives="http://ec.europa.eu/semantic_webgate/dataset/additives/resource/" rdf:resource="http://ec.europa.eu/semantic_webgate/dataset/additives/resource/application-373"/>
    <additives:categoryName xmlns:additives="http://ec.europa.eu/semantic_webgate/dataset/additives/resource/">Fruit wine and made wine</additives:categoryName>
    <additives:categoryCode xmlns:additives="http://ec.europa.eu/semantic_webgate/dataset/additives/resource/">14.2.4</additives:categoryCode>
    <rdf:type rdf:resource="http://ec.europa.eu/semantic_webgate/dataset/additives/resource/ApplicationCategory"/>
  </rdf:Description>
  <rdf:Description rdf:about="http://ec.europa.eu/semantic_webgate/dataset/additives/resource/applicationCategory-113-4.1.1">
    <additives:hasLegislation xmlns:additives="http://ec.europa.eu/semantic_webgate/dataset/additives/resource/" rdf:resource="http://ec.europa.eu/semantic_webgate/dataset/additives/resource/legislation-79"/>
    <additives:hasCategory xmlns:additives="http://ec.europa.eu/semantic_webgate/dataset/additives/resource/" rdf:resource="http://ec.europa.eu/semantic_webgate/dataset/additives/resource/category-4.1.1"/>
    <additives:hasApplication xmlns:additives="http://ec.europa.eu/semantic_webgate/dataset/additives/resource/" rdf:resource="http://ec.europa.eu/semantic_webgate/dataset/additives/resource/application-113"/>
    <additives:refNumberAppProc xmlns:additives="http://ec.europa.eu/semantic_webgate/dataset/additives/resource/">2011/03</additives:refNumberAppProc>
    <additives:categoryName xmlns:additives="http://ec.europa.eu/semantic_webgate/dataset/additives/resource/">Entire fresh fruit and vegetables</additives:categoryName>
    <additives:categoryCode xmlns:additives="http://ec.europa.eu/semantic_webgate/dataset/additives/resource/">4.1.1</additives:categoryCode>
    <rdf:type rdf:resource="http://ec.europa.eu/semantic_webgate/dataset/additives/resource/ApplicationCategory"/>
  </rdf:Description>
  <rdf:Description rdf:about="http://ec.europa.eu/semantic_webgate/dataset/additives/resource/applicationCategory-363-04.2.4.1">
    <additives:hasLegislation xmlns:additives="http://ec.europa.eu/semantic_webgate/dataset/additives/resource/" rdf:resource="http://ec.europa.eu/semantic_webgate/dataset/additives/resource/legislation-108"/>
    <additives:hasCategory xmlns:additives="http://ec.europa.eu/semantic_webgate/dataset/additives/resource/" rdf:resource="http://ec.europa.eu/semantic_webgate/dataset/additives/resource/category-04.2.4.1"/>
    <additives:hasApplication xmlns:additives="http://ec.europa.eu/semantic_webgate/dataset/additives/resource/" rdf:resource="http://ec.europa.eu/semantic_webgate/dataset/additives/resource/application-363"/>
    <additives:categoryName xmlns:additives="http://ec.europa.eu/semantic_webgate/dataset/additives/resource/">Fruit and vegetable preparations excluding compote</additives:categoryName>
    <additives:categoryCode xmlns:additives="http://ec.europa.eu/semantic_webgate/dataset/additives/resource/">04.2.4.1</additives:categoryCode>
    <rdf:type rdf:resource="http://ec.europa.eu/semantic_webgate/dataset/additives/resource/ApplicationCategory"/>
  </rdf:Description>
  <rdf:Description rdf:about="http://ec.europa.eu/semantic_webgate/dataset/additives/resource/applicationCategory-354-04.2.4.1">
    <additives:hasLegislation xmlns:additives="http://ec.europa.eu/semantic_webgate/dataset/additives/resource/" rdf:resource="http://ec.europa.eu/semantic_webgate/dataset/additives/resource/legislation-108"/>
    <additives:hasCategory xmlns:additives="http://ec.europa.eu/semantic_webgate/dataset/additives/resource/" rdf:resource="http://ec.europa.eu/semantic_webgate/dataset/additives/resource/category-04.2.4.1"/>
    <additives:hasApplication xmlns:additives="http://ec.europa.eu/semantic_webgate/dataset/additives/resource/" rdf:resource="http://ec.europa.eu/semantic_webgate/dataset/additives/resource/application-354"/>
    <additives:refNumberAppProc xmlns:additives="http://ec.europa.eu/semantic_webgate/dataset/additives/resource/">2010/16</additives:refNumberAppProc>
    <additives:categoryName xmlns:additives="http://ec.europa.eu/semantic_webgate/dataset/additives/resource/">Fruit and vegetable preparations excluding compote</additives:categoryName>
    <additives:categoryCode xmlns:additives="http://ec.europa.eu/semantic_webgate/dataset/additives/resource/">04.2.4.1</additives:categoryCode>
    <rdf:type rdf:resource="http://ec.europa.eu/semantic_webgate/dataset/additives/resource/ApplicationCategory"/>
  </rdf:Description>
  <rdf:Description rdf:about="http://ec.europa.eu/semantic_webgate/dataset/additives/resource/applicationCategory-104-1.4">
    <rdf:type rdf:resource="http://ec.europa.eu/semantic_webgate/dataset/additives/resource/ApplicationCategory"/>
    <additives:categoryCode xmlns:additives="http://ec.europa.eu/semantic_webgate/dataset/additives/resource/">1.4</additives:categoryCode>
    <additives:hasApplication xmlns:additives="http://ec.europa.eu/semantic_webgate/dataset/additives/resource/" rdf:resource="http://ec.europa.eu/semantic_webgate/dataset/additives/resource/application-390"/>
    <additives:categoryCode xmlns:additives="http://ec.europa.eu/semantic_webgate/dataset/additives/resource/">4.2.2</additives:categoryCode>
    <additives:categoryName xmlns:additives="http://ec.europa.eu/semantic_webgate/dataset/additives/resource/">Chewing gum</additives:categoryName>
    <additives:categoryCode xmlns:additives="http://ec.europa.eu/semantic_webgate/dataset/additives/resource/">04.2.5.3</additives:categoryCode>
    <additives:categoryName xmlns:additives="http://ec.europa.eu/semantic_webgate/dataset/additives/resource/">Extra jam and extra jelly as defined by Directive 2001/113/EC</additives:categoryName>
    <additives:categoryName xmlns:additives="http://ec.europa.eu/semantic_webgate/dataset/additives/resource/">Other similar fruit or vegetable spreads</additives:categoryName>
    <additives:hasLegislation xmlns:additives="http://ec.europa.eu/semantic_webgate/dataset/additives/resource/" rdf:resource="http://ec.europa.eu/semantic_webgate/dataset/additives/resource/legislation-109"/>
    <additives:categoryCode xmlns:additives="http://ec.europa.eu/semantic_webgate/dataset/additives/resource/">15.1</additives:categoryCode>
    <additives:hasLegislation xmlns:additives="http://ec.europa.eu/semantic_webgate/dataset/additives/resource/" rdf:resource="http://ec.europa.eu/semantic_webgate/dataset/additives/resource/legislation-59"/>
    <additives:hasCategory xmlns:additives="http://ec.europa.eu/semantic_webgate/dataset/additives/resource/" rdf:resource="http://ec.europa.eu/semantic_webgate/dataset/additives/resource/category-14.1.4"/>
    <additives:categoryCode xmlns:additives="http://ec.europa.eu/semantic_webgate/dataset/additives/resource/">9.2</additives:categoryCode>
    <additives:hasCategory xmlns:additives="http://ec.europa.eu/semantic_webgate/dataset/additives/resource/" rdf:resource="http://ec.europa.eu/semantic_webgate/dataset/additives/resource/category-13.3"/>
    <additives:categoryCode xmlns:additives="http://ec.europa.eu/semantic_webgate/dataset/additives/resource/">17.1</additives:categoryCode>
    <additives:categoryName xmlns:additives="http://ec.europa.eu/semantic_webgate/dataset/additives/resource/">Fruit nectars as defined by Directive 2001/112/EC and vegetable nectars and similar products</additives:categoryName>
    <additives:categoryName xmlns:additives="http://ec.europa.eu/semantic_webgate/dataset/additives/resource/">Desserts excluding products covered in category 1, 3 and 4</additives:categoryName>
    <additives:categoryName xmlns:additives="http://ec.europa.eu/semantic_webgate/dataset/additives/resource/">Processed fish and fishery products including mollusks and crustaceans</additives:categoryName>
    <additives:categoryCode xmlns:additives="http://ec.europa.eu/semantic_webgate/dataset/additives/resource/">15.2</additives:categoryCode>
    <additives:hasCategory xmlns:additives="http://ec.europa.eu/semantic_webgate/dataset/additives/resource/" rdf:resource="http://ec.europa.eu/semantic_webgate/dataset/additives/resource/category-14.2.1"/>
    <additives:categoryName xmlns:additives="http://ec.europa.eu/semantic_webgate/dataset/additives/resource/">Food supplements supplied in a liquid form</additives:categoryName>
    <additives:categoryName xmlns:additives="http://ec.europa.eu/semantic_webgate/dataset/additives/resource/">Table Top Sweeteners in tablets</additives:categoryName>
    <additives:hasCategory xmlns:additives="http://ec.europa.eu/semantic_webgate/dataset/additives/resource/" rdf:resource="http://ec.europa.eu/semantic_webgate/dataset/additives/resource/category-5.3"/>
    <additives:hasApplication xmlns:additives="http://ec.europa.eu/semantic_webgate/dataset/additives/resource/" rdf:resource="http://ec.europa.eu/semantic_webgate/dataset/additives/resource/application-104"/>
    <additives:hasCategory xmlns:additives="http://ec.europa.eu/semantic_webgate/dataset/additives/resource/" rdf:resource="http://ec.europa.eu/semantic_webgate/dataset/additives/resource/category-04.2.5.3"/>
    <additives:categoryName xmlns:additives="http://ec.europa.eu/semantic_webgate/dataset/additives/resource/">Processed nuts</additives:categoryName>
    <additives:hasCategory xmlns:additives="http://ec.europa.eu/semantic_webgate/dataset/additives/resource/" rdf:resource="http://ec.europa.eu/semantic_webgate/dataset/additives/resource/category-3"/>
    <additives:categoryCode xmlns:additives="http://ec.europa.eu/semantic_webgate/dataset/additives/resource/">14.1.3</additives:categoryCode>
    <additives:categoryCode xmlns:additives="http://ec.europa.eu/semantic_webgate/dataset/additives/resource/">04.2.5.1</additives:categoryCode>
    <additives:categoryCode xmlns:additives="http://ec.europa.eu/semantic_webgate/dataset/additives/resource/">04.2.5.2</additives:categoryCode>
    <additives:categoryName xmlns:additives="http://ec.europa.eu/semantic_webgate/dataset/additives/resource/">Fruit and vegetables in vinegar, oil, or brine</additives:categoryName>
    <additives:categoryName xmlns:additives="http://ec.europa.eu/semantic_webgate/dataset/additives/resource/">Other alcoholic drinks including mixtures of alcoholic drinks with non-alcoholic drinks and spirits with less than 15 % of alcohol and</additives:categoryName>
    <additives:categoryName xmlns:additives="http://ec.europa.eu/semantic_webgate/dataset/additives/resource/">Table Top Sweeteners in powder form</additives:categoryName>
    <additives:hasCategory xmlns:additives="http://ec.europa.eu/semantic_webgate/dataset/additives/resource/" rdf:resource="http://ec.europa.eu/semantic_webgate/dataset/additives/resource/category-16"/>
    <additives:hasCategory xmlns:additives="http://ec.europa.eu/semantic_webgate/dataset/additives/resource/" rdf:resource="http://ec.europa.eu/semantic_webgate/dataset/additives/resource/category-13.2"/>
    <additives:hasCategory xmlns:additives="http://ec.europa.eu/semantic_webgate/dataset/additives/resource/" rdf:resource="http://ec.europa.eu/semantic_webgate/dataset/additives/resource/category-11.4.1"/>
    <additives:categoryName xmlns:additives="http://ec.europa.eu/semantic_webgate/dataset/additives/resource/">Flavoured fermented milk products including heat treated products</additives:categoryName>
    <additives:hasCategory xmlns:additives="http://ec.europa.eu/semantic_webgate/dataset/additives/resource/" rdf:resource="http://ec.europa.eu/semantic_webgate/dataset/additives/resource/category-11.4.3"/>
    <additives:categoryName xmlns:additives="http://ec.europa.eu/semantic_webgate/dataset/additives/resource/">Food supplements supplied in a solid form including capsules and tablets and similar forms, excluding chewable forms</additives:categoryName>
    <additives:categoryCode xmlns:additives="http://ec.europa.eu/semantic_webgate/dataset/additives/resource/">14.2.1</additives:categoryCode>
    <additives:categoryCode xmlns:additives="http://ec.europa.eu/semantic_webgate/dataset/additives/resource/">14.1.4</additives:categoryCode>
    <additives:categoryCode xmlns:additives="http://ec.europa.eu/semantic_webgate/dataset/additives/resource/">6.3</additives:categoryCode>
    <additives:categoryName xmlns:additives="http://ec.europa.eu/semantic_webgate/dataset/additives/resource/">Jam, jellies and marmalades and sweetened chestnut puree as defined by Directive 2001/113/EC</additives:categoryName>
    <additives:categoryName xmlns:additives="http://ec.europa.eu/semantic_webgate/dataset/additives/resource/">Potato-, cereal-, flour- or starch-based snacks</additives:categoryName>
    <additives:categoryName xmlns:additives="http://ec.europa.eu/semantic_webgate/dataset/additives/resource/">Dietary foods for special medical purposes defined in Directive 1999/21/EC (excluding products from food category 13.1.5)</additives:categoryName>
    <additives:hasCategory xmlns:additives="http://ec.europa.eu/semantic_webgate/dataset/additives/resource/" rdf:resource="http://ec.europa.eu/semantic_webgate/dataset/additives/resource/category-12.5"/>
    <additives:categoryName xmlns:additives="http://ec.europa.eu/semantic_webgate/dataset/additives/resource/">Dietary foods for weight control diets intended to replace total daily food intake or an individual meal (the whole or part of the total daily diet)</additives:categoryName>
    <additives:hasCategory xmlns:additives="http://ec.europa.eu/semantic_webgate/dataset/additives/resource/" rdf:resource="http://ec.europa.eu/semantic_webgate/dataset/additives/resource/category-7.2"/>
    <additives:hasCategory xmlns:additives="http://ec.europa.eu/semantic_webgate/dataset/additives/resource/" rdf:resource="http://ec.europa.eu/semantic_webgate/dataset/additives/resource/category-14.1.3"/>
    <additives:hasCategory xmlns:additives="http://ec.europa.eu/semantic_webgate/dataset/additives/resource/" rdf:resource="http://ec.europa.eu/semantic_webgate/dataset/additives/resource/category-4.2.2"/>
    <additives:categoryCode xmlns:additives="http://ec.europa.eu/semantic_webgate/dataset/additives/resource/">16</additives:categoryCode>
    <additives:hasCategory xmlns:additives="http://ec.europa.eu/semantic_webgate/dataset/additives/resource/" rdf:resource="http://ec.europa.eu/semantic_webgate/dataset/additives/resource/category-6.3"/>
    <additives:categoryName xmlns:additives="http://ec.europa.eu/semantic_webgate/dataset/additives/resource/">Fine bakery wares</additives:categoryName>
    <additives:categoryName xmlns:additives="http://ec.europa.eu/semantic_webgate/dataset/additives/resource/">Beer and malt beverages</additives:categoryName>
    <additives:categoryName xmlns:additives="http://ec.europa.eu/semantic_webgate/dataset/additives/resource/">Table Top Sweeteners in liquid form</additives:categoryName>
    <additives:hasCategory xmlns:additives="http://ec.europa.eu/semantic_webgate/dataset/additives/resource/" rdf:resource="http://ec.europa.eu/semantic_webgate/dataset/additives/resource/category-5.2"/>
    <additives:categoryName xmlns:additives="http://ec.europa.eu/semantic_webgate/dataset/additives/resource/">Decorations, coatings and fillings, except fruit based fillings covered by category 4.2.4</additives:categoryName>
    <additives:categoryName xmlns:additives="http://ec.europa.eu/semantic_webgate/dataset/additives/resource/">Cocoa and Chocolate products as covered by Directive 2000/36/EC</additives:categoryName>
    <additives:categoryCode xmlns:additives="http://ec.europa.eu/semantic_webgate/dataset/additives/resource/">5.1</additives:categoryCode>
    <additives:hasCategory xmlns:additives="http://ec.europa.eu/semantic_webgate/dataset/additives/resource/" rdf:resource="http://ec.europa.eu/semantic_webgate/dataset/additives/resource/category-04.2.4.1"/>
    <additives:categoryCode xmlns:additives="http://ec.europa.eu/semantic_webgate/dataset/additives/resource/">11.4.1</additives:categoryCode>
    <additives:hasCategory xmlns:additives="http://ec.europa.eu/semantic_webgate/dataset/additives/resource/" rdf:resource="http://ec.europa.eu/semantic_webgate/dataset/additives/resource/category-15.2"/>
    <additives:hasCategory xmlns:additives="http://ec.europa.eu/semantic_webgate/dataset/additives/resource/" rdf:resource="http://ec.europa.eu/semantic_webgate/dataset/additives/resource/category-04.2.5.2"/>
    <additives:categoryName xmlns:additives="http://ec.europa.eu/semantic_webgate/dataset/additives/resource/">Other confectionery including breath refreshening microsweets</additives:categoryName>
    <additives:categoryCode xmlns:additives="http://ec.europa.eu/semantic_webgate/dataset/additives/resource/">13.2</additives:categoryCode>
    <additives:categoryCode xmlns:additives="http://ec.europa.eu/semantic_webgate/dataset/additives/resource/">13.3</additives:categoryCode>
    <additives:hasCategory xmlns:additives="http://ec.europa.eu/semantic_webgate/dataset/additives/resource/" rdf:resource="http://ec.europa.eu/semantic_webgate/dataset/additives/resource/category-11.4.2"/>
    <additives:categoryCode xmlns:additives="http://ec.europa.eu/semantic_webgate/dataset/additives/resource/">5.3</additives:categoryCode>
    <additives:hasCategory xmlns:additives="http://ec.europa.eu/semantic_webgate/dataset/additives/resource/" rdf:resource="http://ec.europa.eu/semantic_webgate/dataset/additives/resource/category-17.1"/>
    <additives:categoryCode xmlns:additives="http://ec.europa.eu/semantic_webgate/dataset/additives/resource/">5.4</additives:categoryCode>
    <additives:categoryName xmlns:additives="http://ec.europa.eu/semantic_webgate/dataset/additives/resource/">Edible ices</additives:categoryName>
    <additives:categoryCode xmlns:additives="http://ec.europa.eu/semantic_webgate/dataset/additives/resource/">3</additives:categoryCode>
    <additives:categoryCode xmlns:additives="http://ec.europa.eu/semantic_webgate/dataset/additives/resource/">12.5</additives:categoryCode>
    <additives:categoryCode xmlns:additives="http://ec.europa.eu/semantic_webgate/dataset/additives/resource/">7.2</additives:categoryCode>
    <additives:categoryName xmlns:additives="http://ec.europa.eu/semantic_webgate/dataset/additives/resource/">Fruit and vegetable preparations excluding compote</additives:categoryName>
    <additives:hasCategory xmlns:additives="http://ec.europa.eu/semantic_webgate/dataset/additives/resource/" rdf:resource="http://ec.europa.eu/semantic_webgate/dataset/additives/resource/category-14.2.8"/>
    <additives:refNumberAppProc xmlns:additives="http://ec.europa.eu/semantic_webgate/dataset/additives/resource/">Steviol glycosides</additives:refNumberAppProc>
    <additives:categoryName xmlns:additives="http://ec.europa.eu/semantic_webgate/dataset/additives/resource/">Breakfast cereals</additives:categoryName>
    <additives:categoryCode xmlns:additives="http://ec.europa.eu/semantic_webgate/dataset/additives/resource/">14.2.8</additives:categoryCode>
    <additives:hasCategory xmlns:additives="http://ec.europa.eu/semantic_webgate/dataset/additives/resource/" rdf:resource="http://ec.europa.eu/semantic_webgate/dataset/additives/resource/category-9.2"/>
    <additives:categoryName xmlns:additives="http://ec.europa.eu/semantic_webgate/dataset/additives/resource/">Flavoured drinks</additives:categoryName>
    <additives:categoryName xmlns:additives="http://ec.europa.eu/semantic_webgate/dataset/additives/resource/">Soups and broths</additives:categoryName>
    <additives:categoryCode xmlns:additives="http://ec.europa.eu/semantic_webgate/dataset/additives/resource/">17.2</additives:categoryCode>
    <additives:hasCategory xmlns:additives="http://ec.europa.eu/semantic_webgate/dataset/additives/resource/" rdf:resource="http://ec.europa.eu/semantic_webgate/dataset/additives/resource/category-5.1"/>
    <additives:hasCategory xmlns:additives="http://ec.europa.eu/semantic_webgate/dataset/additives/resource/" rdf:resource="http://ec.europa.eu/semantic_webgate/dataset/additives/resource/category-1.4"/>
    <additives:hasCategory xmlns:additives="http://ec.europa.eu/semantic_webgate/dataset/additives/resource/" rdf:resource="http://ec.europa.eu/semantic_webgate/dataset/additives/resource/category-04.2.5.1"/>
    <additives:categoryCode xmlns:additives="http://ec.europa.eu/semantic_webgate/dataset/additives/resource/">11.4.2</additives:categoryCode>
    <additives:hasCategory xmlns:additives="http://ec.europa.eu/semantic_webgate/dataset/additives/resource/" rdf:resource="http://ec.europa.eu/semantic_webgate/dataset/additives/resource/category-5.4"/>
    <additives:categoryCode xmlns:additives="http://ec.europa.eu/semantic_webgate/dataset/additives/resource/">11.4.3</additives:categoryCode>
    <additives:hasCategory xmlns:additives="http://ec.europa.eu/semantic_webgate/dataset/additives/resource/" rdf:resource="http://ec.europa.eu/semantic_webgate/dataset/additives/resource/category-17.2"/>
    <additives:hasCategory xmlns:additives="http://ec.europa.eu/semantic_webgate/dataset/additives/resource/" rdf:resource="http://ec.europa.eu/semantic_webgate/dataset/additives/resource/category-15.1"/>
    <additives:categoryCode xmlns:additives="http://ec.europa.eu/semantic_webgate/dataset/additives/resource/">5.2</additives:categoryCode>
    <additives:categoryCode xmlns:additives="http://ec.europa.eu/semantic_webgate/dataset/additives/resource/">04.2.4.1</additives:categoryCode>
  </rdf:Description>
  <rdf:Description rdf:about="http://ec.europa.eu/semantic_webgate/dataset/additives/resource/applicationCategory-362-04.2.4.1">
    <additives:hasLegislation xmlns:additives="http://ec.europa.eu/semantic_webgate/dataset/additives/resource/" rdf:resource="http://ec.europa.eu/semantic_webgate/dataset/additives/resource/legislation-108"/>
    <additives:hasCategory xmlns:additives="http://ec.europa.eu/semantic_webgate/dataset/additives/resource/" rdf:resource="http://ec.europa.eu/semantic_webgate/dataset/additives/resource/category-04.2.4.1"/>
    <additives:hasApplication xmlns:additives="http://ec.europa.eu/semantic_webgate/dataset/additives/resource/" rdf:resource="http://ec.europa.eu/semantic_webgate/dataset/additives/resource/application-362"/>
    <additives:categoryName xmlns:additives="http://ec.europa.eu/semantic_webgate/dataset/additives/resource/">Fruit and vegetable preparations excluding compote</additives:categoryName>
    <additives:categoryCode xmlns:additives="http://ec.europa.eu/semantic_webgate/dataset/additives/resource/">04.2.4.1</additives:categoryCode>
    <rdf:type rdf:resource="http://ec.europa.eu/semantic_webgate/dataset/additives/resource/ApplicationCategory"/>
  </rdf:Description>
  <rdf:Description rdf:about="http://ec.europa.eu/semantic_webgate/dataset/additives/resource/applicationCategory-119-04.2.4.1">
    <additives:hasLegislation xmlns:additives="http://ec.europa.eu/semantic_webgate/dataset/additives/resource/" rdf:resource="http://ec.europa.eu/semantic_webgate/dataset/additives/resource/legislation-76"/>
    <additives:hasCategory xmlns:additives="http://ec.europa.eu/semantic_webgate/dataset/additives/resource/" rdf:resource="http://ec.europa.eu/semantic_webgate/dataset/additives/resource/category-04.2.4.1"/>
    <additives:hasApplication xmlns:additives="http://ec.europa.eu/semantic_webgate/dataset/additives/resource/" rdf:resource="http://ec.europa.eu/semantic_webgate/dataset/additives/resource/application-119"/>
    <additives:refNumberAppProc xmlns:additives="http://ec.europa.eu/semantic_webgate/dataset/additives/resource/">2009/07</additives:refNumberAppProc>
    <additives:categoryName xmlns:additives="http://ec.europa.eu/semantic_webgate/dataset/additives/resource/">Fruit and vegetable preparations excluding compote</additives:categoryName>
    <additives:categoryCode xmlns:additives="http://ec.europa.eu/semantic_webgate/dataset/additives/resource/">04.2.4.1</additives:categoryCode>
    <rdf:type rdf:resource="http://ec.europa.eu/semantic_webgate/dataset/additives/resource/ApplicationCategory"/>
  </rdf:Description>
  <rdf:Description rdf:about="http://ec.europa.eu/semantic_webgate/dataset/additives/resource/applicationCategory-389-04.2.5.3">
    <additives:hasLegislation xmlns:additives="http://ec.europa.eu/semantic_webgate/dataset/additives/resource/" rdf:resource="http://ec.europa.eu/semantic_webgate/dataset/additives/resource/legislation-109"/>
    <additives:hasCategory xmlns:additives="http://ec.europa.eu/semantic_webgate/dataset/additives/resource/" rdf:resource="http://ec.europa.eu/semantic_webgate/dataset/additives/resource/category-04.2.5.3"/>
    <additives:hasApplication xmlns:additives="http://ec.europa.eu/semantic_webgate/dataset/additives/resource/" rdf:resource="http://ec.europa.eu/semantic_webgate/dataset/additives/resource/application-389"/>
    <additives:categoryName xmlns:additives="http://ec.europa.eu/semantic_webgate/dataset/additives/resource/">Other similar fruit or vegetable spreads</additives:categoryName>
    <additives:categoryCode xmlns:additives="http://ec.europa.eu/semantic_webgate/dataset/additives/resource/">04.2.5.3</additives:categoryCode>
    <rdf:type rdf:resource="http://ec.europa.eu/semantic_webgate/dataset/additives/resource/ApplicationCategory"/>
  </rdf:Description>
  <rdf:Description rdf:about="http://ec.europa.eu/semantic_webgate/dataset/additives/resource/applicationCategory-120-14.2.1">
    <additives:hasLegislation xmlns:additives="http://ec.europa.eu/semantic_webgate/dataset/additives/resource/" rdf:resource="http://ec.europa.eu/semantic_webgate/dataset/additives/resource/legislation-64"/>
    <additives:hasCategory xmlns:additives="http://ec.europa.eu/semantic_webgate/dataset/additives/resource/" rdf:resource="http://ec.europa.eu/semantic_webgate/dataset/additives/resource/category-14.2.1"/>
    <additives:hasApplication xmlns:additives="http://ec.europa.eu/semantic_webgate/dataset/additives/resource/" rdf:resource="http://ec.europa.eu/semantic_webgate/dataset/additives/resource/application-120"/>
    <additives:refNumberAppProc xmlns:additives="http://ec.europa.eu/semantic_webgate/dataset/additives/resource/">2009/09</additives:refNumberAppProc>
    <additives:categoryName xmlns:additives="http://ec.europa.eu/semantic_webgate/dataset/additives/resource/">Beer and malt beverages</additives:categoryName>
    <additives:categoryCode xmlns:additives="http://ec.europa.eu/semantic_webgate/dataset/additives/resource/">14.2.1</additives:categoryCode>
    <rdf:type rdf:resource="http://ec.europa.eu/semantic_webgate/dataset/additives/resource/ApplicationCategory"/>
  </rdf:Description>
  <rdf:Description rdf:about="http://ec.europa.eu/semantic_webgate/dataset/additives/resource/applicationCategory-135-6.4.5">
    <additives:categoryCode xmlns:additives="http://ec.europa.eu/semantic_webgate/dataset/additives/resource/">04.2.4.1</additives:categoryCode>
    <additives:refNumberAppProc xmlns:additives="http://ec.europa.eu/semantic_webgate/dataset/additives/resource/">2011/09</additives:refNumberAppProc>
    <additives:hasApplication xmlns:additives="http://ec.europa.eu/semantic_webgate/dataset/additives/resource/" rdf:resource="http://ec.europa.eu/semantic_webgate/dataset/additives/resource/application-370"/>
    <additives:hasCategory xmlns:additives="http://ec.europa.eu/semantic_webgate/dataset/additives/resource/" rdf:resource="http://ec.europa.eu/semantic_webgate/dataset/additives/resource/category-04.2.4.1"/>
    <additives:categoryName xmlns:additives="http://ec.europa.eu/semantic_webgate/dataset/additives/resource/">Fillings of stuffed pasta (ravioli and similar)</additives:categoryName>
    <additives:hasLegislation xmlns:additives="http://ec.europa.eu/semantic_webgate/dataset/additives/resource/" rdf:resource="http://ec.europa.eu/semantic_webgate/dataset/additives/resource/legislation-77"/>
    <additives:hasApplication xmlns:additives="http://ec.europa.eu/semantic_webgate/dataset/additives/resource/" rdf:resource="http://ec.europa.eu/semantic_webgate/dataset/additives/resource/application-135"/>
    <additives:categoryCode xmlns:additives="http://ec.europa.eu/semantic_webgate/dataset/additives/resource/">6.4.5</additives:categoryCode>
    <rdf:type rdf:resource="http://ec.europa.eu/semantic_webgate/dataset/additives/resource/ApplicationCategory"/>
    <additives:hasCategory xmlns:additives="http://ec.europa.eu/semantic_webgate/dataset/additives/resource/" rdf:resource="http://ec.europa.eu/semantic_webgate/dataset/additives/resource/category-6.4.5"/>
    <additives:categoryName xmlns:additives="http://ec.europa.eu/semantic_webgate/dataset/additives/resource/">Fruit and vegetable preparations excluding compote</additives:categoryName>
    <additives:hasLegislation xmlns:additives="http://ec.europa.eu/semantic_webgate/dataset/additives/resource/" rdf:resource="http://ec.europa.eu/semantic_webgate/dataset/additives/resource/legislation-108"/>
  </rdf:Description>
  <rdf:Description rdf:about="http://ec.europa.eu/semantic_webgate/dataset/additives/resource/applicationCategory-219-10.2">
    <additives:hasLegislation xmlns:additives="http://ec.europa.eu/semantic_webgate/dataset/additives/resource/" rdf:resource="http://ec.europa.eu/semantic_webgate/dataset/additives/resource/legislation-78"/>
    <additives:hasCategory xmlns:additives="http://ec.europa.eu/semantic_webgate/dataset/additives/resource/" rdf:resource="http://ec.europa.eu/semantic_webgate/dataset/additives/resource/category-10.2"/>
    <additives:hasApplication xmlns:additives="http://ec.europa.eu/semantic_webgate/dataset/additives/resource/" rdf:resource="http://ec.europa.eu/semantic_webgate/dataset/additives/resource/application-219"/>
    <additives:refNumberAppProc xmlns:additives="http://ec.europa.eu/semantic_webgate/dataset/additives/resource/">2009/14</additives:refNumberAppProc>
    <additives:categoryName xmlns:additives="http://ec.europa.eu/semantic_webgate/dataset/additives/resource/">Processed eggs and egg products</additives:categoryName>
    <additives:categoryCode xmlns:additives="http://ec.europa.eu/semantic_webgate/dataset/additives/resource/">10.2</additives:categoryCode>
    <rdf:type rdf:resource="http://ec.europa.eu/semantic_webgate/dataset/additives/resource/ApplicationCategory"/>
  </rdf:Description>
  <rdf:Description rdf:about="http://ec.europa.eu/semantic_webgate/dataset/additives/resource/applicationCategory-161-14.2.8">
    <additives:hasLegislation xmlns:additives="http://ec.europa.eu/semantic_webgate/dataset/additives/resource/" rdf:resource="http://ec.europa.eu/semantic_webgate/dataset/additives/resource/legislation-107"/>
    <additives:hasCategory xmlns:additives="http://ec.europa.eu/semantic_webgate/dataset/additives/resource/" rdf:resource="http://ec.europa.eu/semantic_webgate/dataset/additives/resource/category-14.2.8"/>
    <additives:hasApplication xmlns:additives="http://ec.europa.eu/semantic_webgate/dataset/additives/resource/" rdf:resource="http://ec.europa.eu/semantic_webgate/dataset/additives/resource/application-161"/>
    <additives:refNumberAppProc xmlns:additives="http://ec.europa.eu/semantic_webgate/dataset/additives/resource/">2011/17</additives:refNumberAppProc>
    <additives:categoryName xmlns:additives="http://ec.europa.eu/semantic_webgate/dataset/additives/resource/">Other alcoholic drinks including mixtures of alcoholic drinks with non-alcoholic drinks and spirits with less than 15 % of alcohol and</additives:categoryName>
    <additives:categoryCode xmlns:additives="http://ec.europa.eu/semantic_webgate/dataset/additives/resource/">14.2.8</additives:categoryCode>
    <rdf:type rdf:resource="http://ec.europa.eu/semantic_webgate/dataset/additives/resource/ApplicationCategory"/>
  </rdf:Description>
  <rdf:Description rdf:about="http://ec.europa.eu/semantic_webgate/dataset/additives/resource/applicationCategory-374-14.2.4">
    <additives:categoryCode xmlns:additives="http://ec.europa.eu/semantic_webgate/dataset/additives/resource/">14.2.4</additives:categoryCode>
    <additives:hasApplication xmlns:additives="http://ec.europa.eu/semantic_webgate/dataset/additives/resource/" rdf:resource="http://ec.europa.eu/semantic_webgate/dataset/additives/resource/application-382"/>
    <rdf:type rdf:resource="http://ec.europa.eu/semantic_webgate/dataset/additives/resource/ApplicationCategory"/>
    <additives:categoryName xmlns:additives="http://ec.europa.eu/semantic_webgate/dataset/additives/resource/">Fruit wine and made wine</additives:categoryName>
    <additives:hasCategory xmlns:additives="http://ec.europa.eu/semantic_webgate/dataset/additives/resource/" rdf:resource="http://ec.europa.eu/semantic_webgate/dataset/additives/resource/category-14.2.8"/>
    <additives:categoryName xmlns:additives="http://ec.europa.eu/semantic_webgate/dataset/additives/resource/">Other alcoholic drinks including mixtures of alcoholic drinks with non-alcoholic drinks and spirits with less than 15 % of alcohol and</additives:categoryName>
    <additives:hasLegislation xmlns:additives="http://ec.europa.eu/semantic_webgate/dataset/additives/resource/" rdf:resource="http://ec.europa.eu/semantic_webgate/dataset/additives/resource/legislation-107"/>
    <additives:hasCategory xmlns:additives="http://ec.europa.eu/semantic_webgate/dataset/additives/resource/" rdf:resource="http://ec.europa.eu/semantic_webgate/dataset/additives/resource/category-14.2.4"/>
    <additives:hasApplication xmlns:additives="http://ec.europa.eu/semantic_webgate/dataset/additives/resource/" rdf:resource="http://ec.europa.eu/semantic_webgate/dataset/additives/resource/application-374"/>
    <additives:categoryCode xmlns:additives="http://ec.europa.eu/semantic_webgate/dataset/additives/resource/">14.2.8</additives:categoryCode>
  </rdf:Description>
  <rdf:Description rdf:about="http://ec.europa.eu/semantic_webgate/dataset/additives/resource/applicationCategory-367-04.2.4.1">
    <additives:hasLegislation xmlns:additives="http://ec.europa.eu/semantic_webgate/dataset/additives/resource/" rdf:resource="http://ec.europa.eu/semantic_webgate/dataset/additives/resource/legislation-108"/>
    <additives:hasCategory xmlns:additives="http://ec.europa.eu/semantic_webgate/dataset/additives/resource/" rdf:resource="http://ec.europa.eu/semantic_webgate/dataset/additives/resource/category-04.2.4.1"/>
    <additives:hasApplication xmlns:additives="http://ec.europa.eu/semantic_webgate/dataset/additives/resource/" rdf:resource="http://ec.europa.eu/semantic_webgate/dataset/additives/resource/application-367"/>
    <additives:categoryName xmlns:additives="http://ec.europa.eu/semantic_webgate/dataset/additives/resource/">Fruit and vegetable preparations excluding compote</additives:categoryName>
    <additives:categoryCode xmlns:additives="http://ec.europa.eu/semantic_webgate/dataset/additives/resource/">04.2.4.1</additives:categoryCode>
    <rdf:type rdf:resource="http://ec.europa.eu/semantic_webgate/dataset/additives/resource/ApplicationCategory"/>
  </rdf:Description>
  <rdf:Description rdf:about="http://ec.europa.eu/semantic_webgate/dataset/additives/resource/applicationCategory-114-4.1.1">
    <additives:refNumberAppProc xmlns:additives="http://ec.europa.eu/semantic_webgate/dataset/additives/resource/">2011/04  Shellac as surface agent on mangoes avocados and papaya tropical fruits</additives:refNumberAppProc>
    <additives:hasCategory xmlns:additives="http://ec.europa.eu/semantic_webgate/dataset/additives/resource/" rdf:resource="http://ec.europa.eu/semantic_webgate/dataset/additives/resource/category-10.2"/>
    <additives:hasCategory xmlns:additives="http://ec.europa.eu/semantic_webgate/dataset/additives/resource/" rdf:resource="http://ec.europa.eu/semantic_webgate/dataset/additives/resource/category-4.1.1"/>
    <additives:refNumberAppProc xmlns:additives="http://ec.europa.eu/semantic_webgate/dataset/additives/resource/">2009/08  Shellac in boiled eggs</additives:refNumberAppProc>
    <additives:categoryCode xmlns:additives="http://ec.europa.eu/semantic_webgate/dataset/additives/resource/">4.1.1</additives:categoryCode>
    <additives:categoryName xmlns:additives="http://ec.europa.eu/semantic_webgate/dataset/additives/resource/">Processed eggs and egg products</additives:categoryName>
    <additives:hasApplication xmlns:additives="http://ec.europa.eu/semantic_webgate/dataset/additives/resource/" rdf:resource="http://ec.europa.eu/semantic_webgate/dataset/additives/resource/application-114"/>
    <additives:hasApplication xmlns:additives="http://ec.europa.eu/semantic_webgate/dataset/additives/resource/" rdf:resource="http://ec.europa.eu/semantic_webgate/dataset/additives/resource/application-121"/>
    <rdf:type rdf:resource="http://ec.europa.eu/semantic_webgate/dataset/additives/resource/ApplicationCategory"/>
    <additives:categoryCode xmlns:additives="http://ec.europa.eu/semantic_webgate/dataset/additives/resource/">10.2</additives:categoryCode>
    <additives:hasLegislation xmlns:additives="http://ec.europa.eu/semantic_webgate/dataset/additives/resource/" rdf:resource="http://ec.europa.eu/semantic_webgate/dataset/additives/resource/legislation-78"/>
    <additives:categoryName xmlns:additives="http://ec.europa.eu/semantic_webgate/dataset/additives/resource/">Entire fresh fruit and vegetables</additives:categoryName>
    <additives:hasLegislation xmlns:additives="http://ec.europa.eu/semantic_webgate/dataset/additives/resource/" rdf:resource="http://ec.europa.eu/semantic_webgate/dataset/additives/resource/legislation-79"/>
  </rdf:Description>
  <rdf:Description rdf:about="http://ec.europa.eu/semantic_webgate/dataset/additives/resource/applicationCategory-355-04.2.4.1">
    <additives:hasLegislation xmlns:additives="http://ec.europa.eu/semantic_webgate/dataset/additives/resource/" rdf:resource="http://ec.europa.eu/semantic_webgate/dataset/additives/resource/legislation-108"/>
    <additives:hasCategory xmlns:additives="http://ec.europa.eu/semantic_webgate/dataset/additives/resource/" rdf:resource="http://ec.europa.eu/semantic_webgate/dataset/additives/resource/category-04.2.4.1"/>
    <additives:hasApplication xmlns:additives="http://ec.europa.eu/semantic_webgate/dataset/additives/resource/" rdf:resource="http://ec.europa.eu/semantic_webgate/dataset/additives/resource/application-355"/>
    <additives:categoryName xmlns:additives="http://ec.europa.eu/semantic_webgate/dataset/additives/resource/">Fruit and vegetable preparations excluding compote</additives:categoryName>
    <additives:categoryCode xmlns:additives="http://ec.europa.eu/semantic_webgate/dataset/additives/resource/">04.2.4.1</additives:categoryCode>
    <rdf:type rdf:resource="http://ec.europa.eu/semantic_webgate/dataset/additives/resource/ApplicationCategory"/>
  </rdf:Description>
  <rdf:Description rdf:about="http://ec.europa.eu/semantic_webgate/dataset/additives/resource/applicationCategory-380-14.2.8">
    <additives:hasLegislation xmlns:additives="http://ec.europa.eu/semantic_webgate/dataset/additives/resource/" rdf:resource="http://ec.europa.eu/semantic_webgate/dataset/additives/resource/legislation-107"/>
    <additives:hasCategory xmlns:additives="http://ec.europa.eu/semantic_webgate/dataset/additives/resource/" rdf:resource="http://ec.europa.eu/semantic_webgate/dataset/additives/resource/category-14.2.8"/>
    <additives:hasApplication xmlns:additives="http://ec.europa.eu/semantic_webgate/dataset/additives/resource/" rdf:resource="http://ec.europa.eu/semantic_webgate/dataset/additives/resource/application-380"/>
    <additives:categoryName xmlns:additives="http://ec.europa.eu/semantic_webgate/dataset/additives/resource/">Other alcoholic drinks including mixtures of alcoholic drinks with non-alcoholic drinks and spirits with less than 15 % of alcohol and</additives:categoryName>
    <additives:categoryCode xmlns:additives="http://ec.europa.eu/semantic_webgate/dataset/additives/resource/">14.2.8</additives:categoryCode>
    <rdf:type rdf:resource="http://ec.europa.eu/semantic_webgate/dataset/additives/resource/ApplicationCategory"/>
  </rdf:Description>
  <rdf:Description rdf:about="http://ec.europa.eu/semantic_webgate/dataset/additives/resource/applicationCategory-388-04.2.5.3">
    <additives:hasLegislation xmlns:additives="http://ec.europa.eu/semantic_webgate/dataset/additives/resource/" rdf:resource="http://ec.europa.eu/semantic_webgate/dataset/additives/resource/legislation-109"/>
    <additives:hasCategory xmlns:additives="http://ec.europa.eu/semantic_webgate/dataset/additives/resource/" rdf:resource="http://ec.europa.eu/semantic_webgate/dataset/additives/resource/category-04.2.5.3"/>
    <additives:hasApplication xmlns:additives="http://ec.europa.eu/semantic_webgate/dataset/additives/resource/" rdf:resource="http://ec.europa.eu/semantic_webgate/dataset/additives/resource/application-388"/>
    <additives:categoryName xmlns:additives="http://ec.europa.eu/semantic_webgate/dataset/additives/resource/">Other similar fruit or vegetable spreads</additives:categoryName>
    <additives:categoryCode xmlns:additives="http://ec.europa.eu/semantic_webgate/dataset/additives/resource/">04.2.5.3</additives:categoryCode>
    <rdf:type rdf:resource="http://ec.europa.eu/semantic_webgate/dataset/additives/resource/ApplicationCategory"/>
  </rdf:Description>
  <rdf:Description rdf:about="http://ec.europa.eu/semantic_webgate/dataset/additives/resource/applicationCategory-364-04.2.4.1">
    <additives:hasLegislation xmlns:additives="http://ec.europa.eu/semantic_webgate/dataset/additives/resource/" rdf:resource="http://ec.europa.eu/semantic_webgate/dataset/additives/resource/legislation-108"/>
    <additives:hasCategory xmlns:additives="http://ec.europa.eu/semantic_webgate/dataset/additives/resource/" rdf:resource="http://ec.europa.eu/semantic_webgate/dataset/additives/resource/category-04.2.4.1"/>
    <additives:hasApplication xmlns:additives="http://ec.europa.eu/semantic_webgate/dataset/additives/resource/" rdf:resource="http://ec.europa.eu/semantic_webgate/dataset/additives/resource/application-364"/>
    <additives:categoryName xmlns:additives="http://ec.europa.eu/semantic_webgate/dataset/additives/resource/">Fruit and vegetable preparations excluding compote</additives:categoryName>
    <additives:categoryCode xmlns:additives="http://ec.europa.eu/semantic_webgate/dataset/additives/resource/">04.2.4.1</additives:categoryCode>
    <rdf:type rdf:resource="http://ec.europa.eu/semantic_webgate/dataset/additives/resource/ApplicationCategory"/>
  </rdf:Description>
  <rdf:Description rdf:about="http://ec.europa.eu/semantic_webgate/dataset/additives/resource/applicationCategory-366-04.2.4.1">
    <additives:hasLegislation xmlns:additives="http://ec.europa.eu/semantic_webgate/dataset/additives/resource/" rdf:resource="http://ec.europa.eu/semantic_webgate/dataset/additives/resource/legislation-108"/>
    <additives:hasCategory xmlns:additives="http://ec.europa.eu/semantic_webgate/dataset/additives/resource/" rdf:resource="http://ec.europa.eu/semantic_webgate/dataset/additives/resource/category-04.2.4.1"/>
    <additives:hasApplication xmlns:additives="http://ec.europa.eu/semantic_webgate/dataset/additives/resource/" rdf:resource="http://ec.europa.eu/semantic_webgate/dataset/additives/resource/application-366"/>
    <additives:categoryName xmlns:additives="http://ec.europa.eu/semantic_webgate/dataset/additives/resource/">Fruit and vegetable preparations excluding compote</additives:categoryName>
    <additives:categoryCode xmlns:additives="http://ec.europa.eu/semantic_webgate/dataset/additives/resource/">04.2.4.1</additives:categoryCode>
    <rdf:type rdf:resource="http://ec.europa.eu/semantic_webgate/dataset/additives/resource/ApplicationCategory"/>
  </rdf:Description>
  <rdf:Description rdf:about="http://ec.europa.eu/semantic_webgate/dataset/additives/resource/applicationCategory-386-04.2.5.3">
    <additives:hasLegislation xmlns:additives="http://ec.europa.eu/semantic_webgate/dataset/additives/resource/" rdf:resource="http://ec.europa.eu/semantic_webgate/dataset/additives/resource/legislation-109"/>
    <additives:hasCategory xmlns:additives="http://ec.europa.eu/semantic_webgate/dataset/additives/resource/" rdf:resource="http://ec.europa.eu/semantic_webgate/dataset/additives/resource/category-04.2.5.3"/>
    <additives:hasApplication xmlns:additives="http://ec.europa.eu/semantic_webgate/dataset/additives/resource/" rdf:resource="http://ec.europa.eu/semantic_webgate/dataset/additives/resource/application-386"/>
    <additives:categoryName xmlns:additives="http://ec.europa.eu/semantic_webgate/dataset/additives/resource/">Other similar fruit or vegetable spreads</additives:categoryName>
    <additives:categoryCode xmlns:additives="http://ec.europa.eu/semantic_webgate/dataset/additives/resource/">04.2.5.3</additives:categoryCode>
    <rdf:type rdf:resource="http://ec.europa.eu/semantic_webgate/dataset/additives/resource/ApplicationCategory"/>
  </rdf:Description>
  <rdf:Description rdf:about="http://ec.europa.eu/semantic_webgate/dataset/additives/resource/applicationCategory-377-14.2.8">
    <additives:hasLegislation xmlns:additives="http://ec.europa.eu/semantic_webgate/dataset/additives/resource/" rdf:resource="http://ec.europa.eu/semantic_webgate/dataset/additives/resource/legislation-107"/>
    <additives:hasCategory xmlns:additives="http://ec.europa.eu/semantic_webgate/dataset/additives/resource/" rdf:resource="http://ec.europa.eu/semantic_webgate/dataset/additives/resource/category-14.2.8"/>
    <additives:hasApplication xmlns:additives="http://ec.europa.eu/semantic_webgate/dataset/additives/resource/" rdf:resource="http://ec.europa.eu/semantic_webgate/dataset/additives/resource/application-377"/>
    <additives:categoryName xmlns:additives="http://ec.europa.eu/semantic_webgate/dataset/additives/resource/">Other alcoholic drinks including mixtures of alcoholic drinks with non-alcoholic drinks and spirits with less than 15 % of alcohol and</additives:categoryName>
    <additives:categoryCode xmlns:additives="http://ec.europa.eu/semantic_webgate/dataset/additives/resource/">14.2.8</additives:categoryCode>
    <rdf:type rdf:resource="http://ec.europa.eu/semantic_webgate/dataset/additives/resource/ApplicationCategory"/>
  </rdf:Description>
  <rdf:Description rdf:about="http://ec.europa.eu/semantic_webgate/dataset/additives/resource/applicationCategory-124-14.2.2">
    <additives:hasLegislation xmlns:additives="http://ec.europa.eu/semantic_webgate/dataset/additives/resource/" rdf:resource="http://ec.europa.eu/semantic_webgate/dataset/additives/resource/legislation-93"/>
    <additives:hasCategory xmlns:additives="http://ec.europa.eu/semantic_webgate/dataset/additives/resource/" rdf:resource="http://ec.europa.eu/semantic_webgate/dataset/additives/resource/category-14.2.2"/>
    <additives:hasApplication xmlns:additives="http://ec.europa.eu/semantic_webgate/dataset/additives/resource/" rdf:resource="http://ec.europa.eu/semantic_webgate/dataset/additives/resource/application-124"/>
    <additives:refNumberAppProc xmlns:additives="http://ec.europa.eu/semantic_webgate/dataset/additives/resource/">2010/03</additives:refNumberAppProc>
    <additives:categoryName xmlns:additives="http://ec.europa.eu/semantic_webgate/dataset/additives/resource/">Wine and other products defined by Regulation (EEC) No 1234/2007, and alcohol free counterparts</additives:categoryName>
    <additives:categoryCode xmlns:additives="http://ec.europa.eu/semantic_webgate/dataset/additives/resource/">14.2.2</additives:categoryCode>
    <rdf:type rdf:resource="http://ec.europa.eu/semantic_webgate/dataset/additives/resource/ApplicationCategory"/>
  </rdf:Description>
  <rdf:Description rdf:about="http://ec.europa.eu/semantic_webgate/dataset/additives/resource/applicationCategory-379-14.2.8">
    <additives:hasLegislation xmlns:additives="http://ec.europa.eu/semantic_webgate/dataset/additives/resource/" rdf:resource="http://ec.europa.eu/semantic_webgate/dataset/additives/resource/legislation-107"/>
    <additives:hasCategory xmlns:additives="http://ec.europa.eu/semantic_webgate/dataset/additives/resource/" rdf:resource="http://ec.europa.eu/semantic_webgate/dataset/additives/resource/category-14.2.8"/>
    <additives:hasApplication xmlns:additives="http://ec.europa.eu/semantic_webgate/dataset/additives/resource/" rdf:resource="http://ec.europa.eu/semantic_webgate/dataset/additives/resource/application-379"/>
    <additives:categoryName xmlns:additives="http://ec.europa.eu/semantic_webgate/dataset/additives/resource/">Other alcoholic drinks including mixtures of alcoholic drinks with non-alcoholic drinks and spirits with less than 15 % of alcohol and</additives:categoryName>
    <additives:categoryCode xmlns:additives="http://ec.europa.eu/semantic_webgate/dataset/additives/resource/">14.2.8</additives:categoryCode>
    <rdf:type rdf:resource="http://ec.europa.eu/semantic_webgate/dataset/additives/resource/ApplicationCategory"/>
  </rdf:Description>
  <rdf:Description rdf:about="http://ec.europa.eu/semantic_webgate/dataset/additives/resource/applicationCategory-378-14.2.4">
    <additives:hasCategory xmlns:additives="http://ec.europa.eu/semantic_webgate/dataset/additives/resource/" rdf:resource="http://ec.europa.eu/semantic_webgate/dataset/additives/resource/category-14.2.8"/>
    <additives:hasApplication xmlns:additives="http://ec.europa.eu/semantic_webgate/dataset/additives/resource/" rdf:resource="http://ec.europa.eu/semantic_webgate/dataset/additives/resource/application-116"/>
    <additives:categoryCode xmlns:additives="http://ec.europa.eu/semantic_webgate/dataset/additives/resource/">14.2.1</additives:categoryCode>
    <additives:hasApplication xmlns:additives="http://ec.europa.eu/semantic_webgate/dataset/additives/resource/" rdf:resource="http://ec.europa.eu/semantic_webgate/dataset/additives/resource/application-378"/>
    <rdf:type rdf:resource="http://ec.europa.eu/semantic_webgate/dataset/additives/resource/ApplicationCategory"/>
    <additives:categoryName xmlns:additives="http://ec.europa.eu/semantic_webgate/dataset/additives/resource/">Fruit wine and made wine</additives:categoryName>
    <additives:hasApplication xmlns:additives="http://ec.europa.eu/semantic_webgate/dataset/additives/resource/" rdf:resource="http://ec.europa.eu/semantic_webgate/dataset/additives/resource/application-381"/>
    <additives:categoryCode xmlns:additives="http://ec.europa.eu/semantic_webgate/dataset/additives/resource/">14.2.8</additives:categoryCode>
    <additives:categoryCode xmlns:additives="http://ec.europa.eu/semantic_webgate/dataset/additives/resource/">14.2.4</additives:categoryCode>
    <additives:hasLegislation xmlns:additives="http://ec.europa.eu/semantic_webgate/dataset/additives/resource/" rdf:resource="http://ec.europa.eu/semantic_webgate/dataset/additives/resource/legislation-65"/>
    <additives:hasCategory xmlns:additives="http://ec.europa.eu/semantic_webgate/dataset/additives/resource/" rdf:resource="http://ec.europa.eu/semantic_webgate/dataset/additives/resource/category-14.2.4"/>
    <additives:hasLegislation xmlns:additives="http://ec.europa.eu/semantic_webgate/dataset/additives/resource/" rdf:resource="http://ec.europa.eu/semantic_webgate/dataset/additives/resource/legislation-107"/>
    <additives:categoryName xmlns:additives="http://ec.europa.eu/semantic_webgate/dataset/additives/resource/">Other alcoholic drinks including mixtures of alcoholic drinks with non-alcoholic drinks and spirits with less than 15 % of alcohol and</additives:categoryName>
    <additives:hasCategory xmlns:additives="http://ec.europa.eu/semantic_webgate/dataset/additives/resource/" rdf:resource="http://ec.europa.eu/semantic_webgate/dataset/additives/resource/category-14.2.1"/>
    <additives:categoryName xmlns:additives="http://ec.europa.eu/semantic_webgate/dataset/additives/resource/">Beer and malt beverages</additives:categoryName>
    <additives:refNumberAppProc xmlns:additives="http://ec.europa.eu/semantic_webgate/dataset/additives/resource/">2009/05</additives:refNumberAppProc>
  </rdf:Description>
<rdf:Description xmlns:rdfs="http://www.w3.org/2000/01/rdf-schema#" rdf:about="http://ec.europa.eu/geninfo/legal_notices_en.htm">
<rdfs:label xml:lang="en">The information and data on this site is subject to a disclaimer, a copyright notice rules related to personal data protection and cookies.  For further information:   http://ec.europa.eu/geninfo/legal_notices_en.htm</rdfs:label>
<rdf:type rdf:resource="http://ec.europa.eu/geninfo/LegalNotices"/>
</rdf:Description>
</rdf:RDF>
