	code	category
1	7730009	shortbread-cookies
2	11679	cookies
3	11679	chocolate-cookies
4	11686	raisin-cookies
5	11686	cookies
6	11693	cookies
7	11709	raisin-cookies
8	11709	cookies
9	11723	cookies
10	11730	cookies
11	11747	cookies-with-milk-chocolate
12	11747	cookies
13	11747	chocolate-cookies
14	11754	cookies
15	11778	cookies
16	11815	cookies
17	19101	shortbread-cookies
18	23092	cookies
19	25942	shortbread-cookies
20	28097	shortbread-cookies
21	28271	shortbread-cookies
22	30908	cookies
23	47852	shortbread-cookies
24	8077102146	cookies
25	109031	raisin-cookies
26	109031	cookies
27	117746	cookies
28	11778	cookies
29	14100042587	cookies
30	14100042631	cookies
31	14100074038	cookies
32	14100074038	chocolate-cookies
33	14100074359	cookies
34	14100074724	cookies
35	14100075226	cookies
36	14100075226	chocolate-cookies
37	14100077084	cookies
38	14100077121	cookies-with-milk-chocolate
39	14100077121	cookies
40	14100077121	chocolate-cookies
41	14100078609	cookies
42	14100078609	chocolate-cookies
43	14100096979	cookies
44	14100096979	chocolate-cookies
45	14100096986	cookies
46	14100097006	cookies
47	14100097013	cookies
48	14100097037	cookies
49	14100097068	raisin-cookies
50	14100097068	cookies
51	14100098416	cookies
52	14100098416	chocolate-cookies
53	14100098423	cookies-with-chocolate-and-coconut
54	14100098423	cookies-with-milk-chocolate
55	14100098423	cookies
56	14100098423	chocolate-cookies
57	14100098980	cookies
58	161565	shortbread-cookies
59	18000817818	cookies-with-milk-chocolate
60	18000817818	cookies
61	18000817818	chocolate-cookies
62	184281	shortbread-cookies
63	184311	shortbread-cookies
64	19320015441	shortbread-cookies
65	198370	shortbread-cookies
66	20200070061	cookies
67	214036	cookies
68	21908509372	cookies
69	24300041112	cookies
70	265768	shortbread-cookies
71	30100053149	cookies
72	30100103417	cookies
73	31535595105	cookies
74	33454002535	cookies
75	39047001107	shortbread-cookies
76	39047001138	shortbread-cookies
77	39047001176	shortbread-cookies
78	39047001312	shortbread-cookies
79	39047001442	shortbread-cookies
80	39047001466	shortbread-cookies
81	39047001824	cookies
82	39047001886	shortbread-cookies
83	39047004931	shortbread-cookies
84	39047010215	shortbread-cookies
85	39047011007	shortbread-cookies
86	39047011496	shortbread-cookies
87	39047011656	shortbread-cookies
88	39047012318	shortbread-cookies
89	39047012608	shortbread-cookies
90	39047013087	shortbread-cookies
91	39047013094	shortbread-cookies
92	39047013551	shortbread-cookies
93	39047014183	shortbread-cookies
94	39047014589	shortbread-cookies
95	39047015265	shortbread-cookies
96	39047015425	shortbread-cookies
97	39047015692	shortbread-cookies
98	39047015760	shortbread-cookies
99	39047015814	shortbread-cookies
100	39047016101	shortbread-cookies
101	39047017191	shortbread-cookies
102	39047018136	shortbread-cookies
103	39047018501	shortbread-cookies
104	39047018518	shortbread-cookies
105	39047018648	shortbread-cookies
106	39047019041	shortbread-cookies
107	39047019287	shortbread-cookies
108	39047816084	shortbread-cookies
109	404426	oatmeal-cookies
110	404426	cookies
111	44000007492	cookies
112	44000012625	cookies
113	44000028541	cookies
114	44000032029	cookies
115	44000032586	cookies
116	44000033279	cookies
117	44000033392	cookies
118	44000033392	chocolate-cookies
119	44000037420	cookies
120	44000043551	cookies
121	44000044435	cookies
122	44000072742	cookies
123	44000088453	cookies
124	45100060325	cookies
125	46214230208	cookies
126	46214230208	chocolate-cookies
127	469258	cookies
128	469258	chocolate-cookies
129	50000622313	cookies
130	534215	cookies
131	537742	cookies
132	537742	chocolate-cookies
133	55653630104	cookies
134	55742528381	cookies
135	580328	cookies
136	587761	cookies
137	59290500677	cookies
138	59749952903	cookies
139	59749952903	chocolate-cookies
140	60383022716	cookies
141	60383049690	cookies
142	60383049690	chocolate-cookies
143	63054170204	cookies
144	64042003900	oatmeal-cookies
145	64042003900	cookies
146	64042006079	cookies
147	66721000972	cookies
148	66721005694	cookies
149	66721005694	chocolate-cookies
150	672566	shortbread-cookies
151	672573	shortbread-cookies
152	672580	shortbread-cookies
153	67312005529	cookies
154	72417140693	cookies
155	72417145889	cookies-with-chocolate-and-nougat
156	72417145889	cookies
157	72417145889	chocolate-cookies
158	72417146831	shortbread-cookies
159	72417156038	cookies
160	72417156038	chocolate-cookies
161	72417156069	cookies
162	73490123504	cookies
163	741095	shortbread-cookies
164	763127	shortbread-cookies
165	76580004912	cookies
166	76677100145	cookies
167	76809300900	cookies
168	76809300900	chocolate-cookies
169	77330337335	cookies
170	78619001220	cookies
171	78742038520	cookies
172	78742038520	chocolate-cookies
173	82011913357	cookies
174	82011913357	chocolate-cookies
175	85666012253	cookies
176	879330	cookies
177	879330	chocolate-cookies
178	90268000102	cookies
179	917025	shortbread-cookies
180	950763	cookies
181	96619181674	cookies
182	96619181674	chocolate-cookies
183	96619372201	cookies
184	96619372201	chocolate-cookies
185	969512	cookies-with-chocolate-and-coconut
186	969512	cookies
187	969512	chocolate-cookies
188	1273601	shortbread-cookies
189	190817047234	shortbread-cookies
190	200030067459	cookies
191	225686607699	cookies
192	225686607699	chocolate-cookies
193	317220212473	almond-cookies
194	317220212473	cookies
195	623682114799	cookies
196	635131999420	cookies
197	652655000159	shortbread-cookies
198	652655000395	shortbread-cookies
199	652655000890	shortbread-cookies
200	652655300044	cookies
201	654479009608	shortbread-cookies
202	654479010499	shortbread-cookies
203	654479222090	shortbread-cookies
204	655762001040	shortbread-cookies
205	655762001125	shortbread-cookies
206	655762001675	shortbread-cookies
207	655762002054	shortbread-cookies
208	703741000178	cookies
209	712038815418	cookies
210	712038815418	chocolate-cookies
211	719283985064	cookies
212	7807572	cookies
213	7807572	chocolate-cookies
214	787692834631	cookies
215	787692835324	cookies
216	787692835546	cookies
217	787692835546	chocolate-cookies
218	787692838349	cookies
219	793573238474	cookies
220	795130046461	shortbread-cookies
221	810253011421	cookies
222	819898011063	cookies
223	853754005322	cookies
224	854142000257	cookies
225	859888000332	cookies
226	859888000929	cookies
227	893470001093	cookies
228	896139001199	cookies
229	896139001212	cookies
230	1	cookies
231	10831104	shortbread-cookies
232	1110529	cookies
233	11107187	shortbread-cookies
234	13086703	shortbread-cookies
235	1321321321322	cookies-with-milk-chocolate
236	1321321321322	cookies
237	1321321321322	chocolate-cookies
238	14100097037	cookies
239	14100097037	chocolate-cookies
240	16397934	cookies
241	17707622	cookies-with-milk-chocolate
242	17707622	cookies
243	17707622	chocolate-cookies
244	2000000002243	shortbread-cookies
245	2000000017693	shortbread-cookies
246	2000000028725	cookies
247	2000000028792	cookies
248	2000000029124	almond-cookies
249	2000000029124	cookies
250	2000000029472	cookies
251	2000000037071	shortbread-cookies
252	2000000039770	shortbread-cookies
253	2000000042307	cookies
254	2000000046692	cookies
255	2000000052047	shortbread-cookies
256	2000000058480	shortbread-cookies
257	2000000058741	cookies-with-chocolate-and-nougat
258	2000000058741	cookies
259	2000000058741	chocolate-cookies
260	2000000061807	shortbread-cookies
261	2000000119076	shortbread-cookies
262	2000000215105	shortbread-cookies
263	2000000900025	cookies
264	2000000900025	chocolate-cookies
265	20005383	shortbread-cookies
266	20022297	cookies-with-chocolate-and-nougat
267	20022297	cookies
268	20022297	chocolate-cookies
269	20080211	cookies
270	20080211	chocolate-cookies
271	20093709	shortbread-cookies
272	20093716	shortbread-cookies
273	20103064	cookies
274	20103095	cookies
275	20113687	chocolate-and-hazelnut-cookies
276	20113687	cookies
277	20113687	chocolate-cookies
278	20126278	cookies-with-chocolate-and-nougat
279	20126278	cookies
280	20126278	chocolate-cookies
281	20147426	cookies
282	20147426	chocolate-cookies
283	20168353	cookies
284	2027329499993	shortbread-cookies
285	20302979	shortbread-cookies
286	20302993	shortbread-cookies
287	20318888	cookies
288	20443580	shortbread-cookies
289	20443603	shortbread-cookies
290	20443627	shortbread-cookies
291	20452711	cookies
292	20452711	chocolate-cookies
293	20452728	cookies
294	20452728	chocolate-cookies
295	20452735	cookies
296	20459079	shortbread-cookies
297	20568726	cookies
298	20594442	shortbread-cookies
299	20609849	cookies
300	20620981	shortbread-cookies
301	20620998	shortbread-cookies
302	20621001	shortbread-cookies
303	20698867	oatmeal-cookies
304	20698867	cookies
305	20705947	cookies
306	20705947	chocolate-cookies
307	20706999	cookies
308	20706999	chocolate-cookies
309	20710989	shortbread-cookies
310	20712280	shortbread-cookies
311	20713614	cookies
312	20713614	chocolate-cookies
313	20713621	chocolate-and-hazelnut-cookies
314	20713621	cookies
315	20713621	chocolate-cookies
316	20715045	shortbread-cookies
317	2080350120052	shortbread-cookies
318	2080350160027	shortbread-cookies
319	2080350160126	shortbread-cookies
320	20842772	shortbread-cookies
321	20857059	cookies-with-chocolate-and-coconut
322	20857059	cookies
323	20857059	chocolate-cookies
324	20899752	cookies
325	20964894	shortbread-cookies
326	21417167	cookies-with-chocolate-and-coconut
327	21417167	cookies
328	21417167	chocolate-cookies
329	22146441	cookies
330	2220010037560	shortbread-cookies
331	24056809	oatmeal-cookies
332	24056809	cookies
333	25218541	shortbread-cookies
334	25237528	shortbread-cookies
335	25387506	cookies
336	25387506	chocolate-cookies
337	26015606	shortbread-cookies
338	26018461	almond-cookies
339	26018461	cookies
340	26021775	shortbread-cookies
341	26022062	shortbread-cookies
342	26026275	shortbread-cookies
343	26035017	shortbread-cookies
344	26035178	shortbread-cookies
345	26035642	cookies
346	26035642	chocolate-cookies
347	26036489	shortbread-cookies
348	26037271	shortbread-cookies
349	26037332	cookies
350	26037684	shortbread-cookies
351	26037943	shortbread-cookies
352	26050348	shortbread-cookies
353	26051086	shortbread-cookies
354	26067674	chocolate-and-hazelnut-cookies
355	26067674	cookies
356	26067674	chocolate-cookies
357	26071008	shortbread-cookies
358	26073378	chocolate-and-hazelnut-cookies
359	26073378	cookies
360	26073378	chocolate-cookies
361	26075716	shortbread-cookies
362	26084305	shortbread-cookies
363	2685024008997	shortbread-cookies
364	27045350	shortbread-cookies
365	2868019009586	shortbread-cookies
366	29016624	shortbread-cookies
367	3011360033482	cookies
368	3011360033482	chocolate-cookies
369	3017760000406	shortbread-cookies
370	3017760005302	shortbread-cookies
371	3017760595193	shortbread-cookies
372	3017760710695	shortbread-cookies
373	3017760756198	cookies
374	3017760756198	chocolate-cookies
375	3017760756297	almond-cookies
376	3017760756297	cookies
377	3017760756297	chocolate-cookies
378	3021885004270	almond-cookies
379	3021885004270	cookies
380	3021990077374	cookies
381	3023400020116	shortbread-cookies
382	3023470010031	shortbread-cookies
383	3023470020016	shortbread-cookies
384	3023470020030	shortbread-cookies
385	3023470202016	shortbread-cookies
386	3040280009161	shortbread-cookies
387	3045320052244	shortbread-cookies
388	3045320057294	shortbread-cookies
389	3061990142320	shortbread-cookies
390	3061990142344	chocolate-and-hazelnut-cookies
391	3061990142344	cookies
392	3061990142344	chocolate-cookies
393	3100002000316	cookies
394	3106130000204	shortbread-cookies
395	3106130000242	shortbread-cookies
396	3106130000303	shortbread-cookies
397	3106130002109	shortbread-cookies
398	3106130002239	shortbread-cookies
399	3106130019602	shortbread-cookies
400	3106130350101	shortbread-cookies
401	3106131361663	shortbread-cookies
402	3106131375578	shortbread-cookies
403	3106131375677	shortbread-cookies
404	3116430208033	shortbread-cookies
405	3116430210128	cookies
406	3116430210128	chocolate-cookies
407	3144550008639	shortbread-cookies
408	3144550014494	almond-cookies
409	3144550014494	cookies
410	3154230034513	cookies
411	3154230065692	cookies
412	3160181210524	cookies
413	3160181210524	chocolate-cookies
414	3162900001260	shortbread-cookies
415	3171910661098	cookies
416	3171910661098	chocolate-cookies
417	3175681040960	cookies
418	3175681060494	shortbread-cookies
419	3175681060524	shortbread-cookies
420	3175681060586	shortbread-cookies
421	3175681064799	cookies
422	3175681064799	chocolate-cookies
423	3175681064850	shortbread-cookies
424	3175681069541	shortbread-cookies
425	3175681085893	shortbread-cookies
426	3175681085923	shortbread-cookies
427	3175681103870	shortbread-cookies
428	3175681104853	shortbread-cookies
429	3175681120617	chocolate-and-hazelnut-cookies
430	3175681120617	cookies
431	3175681120617	chocolate-cookies
432	3175681120648	cookies
433	3175681120679	cookies
434	3175681120679	chocolate-cookies
435	3175681121232	shortbread-cookies
436	3175681135864	shortbread-cookies
437	3175681155619	shortbread-cookies
438	3175681188358	shortbread-cookies
439	3175681188389	shortbread-cookies
440	3175681188730	chocolate-and-hazelnut-cookies
441	3175681188730	cookies
442	3175681188730	chocolate-cookies
443	3175681197725	shortbread-cookies
444	3175681208858	shortbread-cookies
445	3175681209336	cookies
446	3175681209367	cookies
447	3175681228368	shortbread-cookies
448	3175681646964	shortbread-cookies
449	3178530401387	shortbread-cookies
450	3178530402674	shortbread-cookies
451	3178530402681	shortbread-cookies
452	3178530402971	shortbread-cookies
453	3178530404203	shortbread-cookies
454	3178530404883	shortbread-cookies
455	3178530405392	shortbread-cookies
456	3178530405781	chocolate-and-hazelnut-cookies
457	3178530405781	cookies
458	3178530405781	chocolate-cookies
459	3178530405965	shortbread-cookies
460	3178530406306	shortbread-cookies
461	3178530406795	shortbread-cookies
462	3178530407396	cookies
463	3178530407396	chocolate-cookies
464	3178530408249	cookies
465	3178530408881	shortbread-cookies
466	3178530409017	cookies
467	3178530409161	cookies
468	3178530409161	chocolate-cookies
469	3178530409604	shortbread-cookies
470	3178530409666	cookies
471	3178530409666	chocolate-cookies
472	3178530409697	cookies
473	3178530409697	chocolate-cookies
474	3178530409833	shortbread-cookies
475	3178530409840	shortbread-cookies
476	3178530409864	shortbread-cookies
477	3178530410914	shortbread-cookies
478	3178530411362	shortbread-cookies
479	3178530411379	shortbread-cookies
480	3178530411478	shortbread-cookies
481	3178530411706	shortbread-cookies
482	3178530411713	shortbread-cookies
483	3178530412147	cookies
484	3178530412147	chocolate-cookies
485	3178530412260	shortbread-cookies
486	3178530412277	shortbread-cookies
487	3178530412468	chocolate-and-hazelnut-cookies
488	3178530412468	cookies
489	3178530412468	chocolate-cookies
490	3178530412567	shortbread-cookies
491	3178530412574	shortbread-cookies
492	3178530412826	chocolate-and-hazelnut-cookies
493	3178530412826	cookies
494	3178530412826	chocolate-cookies
495	3178530412840	shortbread-cookies
496	3178530412871	shortbread-cookies
497	3178530412925	shortbread-cookies
498	3178530413304	shortbread-cookies
499	3178530413304	cookies-with-milk-chocolate
500	3178530413304	cookies
501	3178530413304	chocolate-cookies
502	3178530413458	shortbread-cookies
503	3178530413540	chocolate-and-hazelnut-cookies
504	3178530413540	cookies
505	3178530413540	chocolate-cookies
506	3178530414059	shortbread-cookies
507	3178530414080	shortbread-cookies
508	3178530414134	shortbread-cookies
509	3178530414318	cookies
510	3178530414318	chocolate-cookies
511	3178530414806	shortbread-cookies
512	3178530415193	shortbread-cookies
513	3178530415254	shortbread-cookies
514	3178880002111	almond-cookies
515	3178880002111	cookies
516	3178880017122	almond-cookies
517	3178880017122	cookies
518	3182650028720	shortbread-cookies
519	3182650028737	shortbread-cookies
520	3182650028744	shortbread-cookies
521	3182650058734	shortbread-cookies
522	3183811090617	almond-cookies
523	3183811090617	cookies
524	3187750000195	cookies
525	3187750000195	chocolate-cookies
526	3187750002007	cookies
527	3187750002007	chocolate-cookies
528	3187750006005	cookies
529	3187750006005	chocolate-cookies
530	3201532000033	shortbread-cookies
531	3201532000057	shortbread-cookies
532	3201532000088	shortbread-cookies
533	3222471029893	cookies-with-chocolate-and-nougat
534	3222471029893	cookies
535	3222471029893	chocolate-cookies
536	3222471358610	cookies
537	3222471358610	chocolate-cookies
538	3222471855775	shortbread-cookies
539	3222471962596	shortbread-cookies
540	3222472334682	cookies
541	3222472334682	chocolate-cookies
542	3222472572978	shortbread-cookies
543	3222472829850	shortbread-cookies
544	3222472845232	shortbread-cookies
545	3222473161959	shortbread-cookies
546	3222473585830	shortbread-cookies
547	3222473624935	cookies
548	3222473624935	chocolate-cookies
549	3222474733353	shortbread-cookies
550	3222475123580	chocolate-and-hazelnut-cookies
551	3222475123580	cookies
552	3222475123580	chocolate-cookies
553	3222475123597	cookies
554	3222475123597	chocolate-cookies
555	3222475123603	shortbread-cookies
556	3222475340024	shortbread-cookies
557	3222475439445	shortbread-cookies
558	3222475441677	almond-cookies
559	3222475441677	cookies
560	3222475512315	shortbread-cookies
561	3222475591099	shortbread-cookies
562	3222475702433	cookies-with-chocolate-and-coconut
563	3222475702433	cookies
564	3222475702433	chocolate-cookies
565	3222475981517	almond-cookies
566	3222475981517	cookies
567	3222476082404	shortbread-cookies
568	3222476283894	cookies
569	3222476283894	chocolate-cookies
570	3222476283917	cookies
571	3222476785961	shortbread-cookies
572	3222476906496	cookies
573	3226210100010	shortbread-cookies
574	3226210100126	shortbread-cookies
575	3226211500024	shortbread-cookies
576	3226215800038	shortbread-cookies
577	3226219000748	shortbread-cookies
578	3226219004630	shortbread-cookies
579	3226219005705	shortbread-cookies
580	3226219005712	shortbread-cookies
581	3226219006078	shortbread-cookies
582	3226219007464	shortbread-cookies
583	3226219007488	shortbread-cookies
584	3226219007730	shortbread-cookies
585	3226219008362	shortbread-cookies
586	3226219008645	shortbread-cookies
587	3226219009581	cookies
588	3226219009581	chocolate-cookies
589	3226219009659	shortbread-cookies
590	3226219010273	chocolate-and-hazelnut-cookies
591	3226219010273	cookies
592	3226219010273	chocolate-cookies
593	3226219010341	shortbread-cookies
594	3226219010341	cookies
595	3226219010792	shortbread-cookies
596	3229580000010	shortbread-cookies
597	3229580000447	shortbread-cookies
598	3229580007835	shortbread-cookies
599	3229580015663	shortbread-cookies
600	3229580017186	shortbread-cookies
601	3229580017766	shortbread-cookies
602	3229580020650	shortbread-cookies
603	3229820004334	chocolate-and-hazelnut-cookies
604	3229820004334	cookies
605	3229820004334	chocolate-cookies
606	3229820134703	shortbread-cookies
607	3229820784465	shortbread-cookies
608	3229820784892	shortbread-cookies
609	3229820786841	cookies
610	3229820786841	chocolate-cookies
611	3229820789897	shortbread-cookies
612	3229820791920	cookies
613	3229820791920	chocolate-cookies
614	3229820794815	shortbread-cookies
615	3229820794822	shortbread-cookies
616	3230691101206	shortbread-cookies
617	3243610098648	shortbread-cookies
618	3245390021861	shortbread-cookies
619	3245390021908	shortbread-cookies
620	3245390069054	cookies
621	3245390069054	chocolate-cookies
622	3245390084422	shortbread-cookies
623	3245390084453	shortbread-cookies
624	3245390114143	cookies-with-chocolate-and-coconut
625	3245390114143	cookies
626	3245390114143	chocolate-cookies
627	3245390206077	shortbread-cookies
628	3245391167957	cookies-with-chocolate-and-nougat
629	3245391167957	cookies
630	3245391167957	chocolate-cookies
631	3245414238244	shortbread-cookies
632	3245414254749	shortbread-cookies
633	3245550080257	chocolate-and-hazelnut-cookies
634	3245550080257	cookies
635	3245550080257	chocolate-cookies
636	3245550080899	cookies
637	3248650171689	cookies-with-chocolate-and-nougat
638	3248650171689	cookies
639	3248650171689	chocolate-cookies
640	3248653286649	cookies
641	3250390001829	cookies-with-chocolate-and-nougat
642	3250390001829	cookies
643	3250390001829	chocolate-cookies
644	3250390112624	cookies
645	3250390183976	shortbread-cookies
646	3250390266983	shortbread-cookies
647	3250390331544	cookies
648	3250390400288	shortbread-cookies
649	3250390811466	shortbread-cookies
650	3250391193806	shortbread-cookies
651	3250391223268	shortbread-cookies
652	3250391277759	shortbread-cookies
653	3250391324002	shortbread-cookies
654	3250391326143	cookies-with-chocolate-and-coconut
655	3250391326143	cookies
656	3250391326143	chocolate-cookies
657	3250391371631	cookies
658	3250391425068	cookies
659	3250391425068	chocolate-cookies
660	3250391538942	shortbread-cookies
661	3250391546329	shortbread-cookies
662	3250391738229	cookies
663	3250391798919	shortbread-cookies
664	3250391821693	cookies
665	3250391821693	chocolate-cookies
666	3250391984206	shortbread-cookies
667	3250392024178	cookies
668	3250392024178	chocolate-cookies
669	3250392155674	shortbread-cookies
670	3250392209230	cookies
671	3250392209230	chocolate-cookies
672	3250392209261	cookies
673	3250392246457	almond-cookies
674	3250392246457	cookies
675	3250392246457	chocolate-cookies
676	3250392259594	shortbread-cookies
677	3250392262143	shortbread-cookies
678	3250392265908	shortbread-cookies
679	3250392366599	shortbread-cookies
680	3250392383299	cookies-with-milk-chocolate
681	3250392383299	cookies
682	3250392383299	chocolate-cookies
683	3250392383800	shortbread-cookies
684	3250392384111	cookies-with-chocolate-and-nougat
685	3250392384111	cookies
686	3250392384111	chocolate-cookies
687	3250392485788	shortbread-cookies
688	3250392488048	shortbread-cookies
689	3250392489441	shortbread-cookies
690	3250392551292	shortbread-cookies
691	3250392710804	cookies
692	3250392710804	chocolate-cookies
693	3254560015692	cookies-with-chocolate-and-nougat
694	3254560015692	cookies
695	3254560015692	chocolate-cookies
696	3254560023956	cookies
697	3254560028715	shortbread-cookies
698	3254560028722	shortbread-cookies
699	3254560899452	cookies
700	3254560899452	chocolate-cookies
701	3254950007771	cookies
702	3255651010022	shortbread-cookies
703	3256220031080	shortbread-cookies
704	3256220031097	shortbread-cookies
705	3256220210454	cookies
706	3256220210461	cookies
707	3256220210461	chocolate-cookies
708	3256220210478	cookies-with-chocolate-and-coconut
709	3256220210478	cookies
710	3256220210478	chocolate-cookies
711	3256220210638	cookies
712	3256220210638	chocolate-cookies
713	3256220211222	shortbread-cookies
714	3256220368223	cookies
715	3256220368223	chocolate-cookies
716	3256220368230	shortbread-cookies
717	3256220851220	shortbread-cookies
718	3256220851312	shortbread-cookies
719	3256222241432	shortbread-cookies
720	3256223264720	cookies
721	3256223264720	chocolate-cookies
722	3256223264737	shortbread-cookies
723	3256223670200	shortbread-cookies
724	3256224053361	shortbread-cookies
725	3256224062073	shortbread-cookies
726	3256224375524	cookies
727	3256224375531	cookies
728	3256224375548	cookies
729	3256224557692	cookies-with-milk-chocolate
730	3256224557692	cookies
731	3256224557692	chocolate-cookies
732	3256224878360	shortbread-cookies
733	3256224878407	shortbread-cookies
734	3256224878414	shortbread-cookies
735	3256225433025	shortbread-cookies
736	3256225717538	shortbread-cookies
737	3256226084271	shortbread-cookies
738	3256226085001	shortbread-cookies
739	3256226085018	shortbread-cookies
740	3256226325190	cookies
741	3256226325190	chocolate-cookies
742	3256226372057	shortbread-cookies
743	3256226387938	shortbread-cookies
744	3256226761271	chocolate-and-hazelnut-cookies
745	3256226761271	cookies
746	3256226761271	chocolate-cookies
747	3257980024244	cookies
748	3257980024244	chocolate-cookies
749	3257980112576	cookies-with-chocolate-and-nougat
750	3257980112576	cookies
751	3257980112576	chocolate-cookies
752	3257980251985	cookies
753	3257980251985	chocolate-cookies
754	3257980251992	shortbread-cookies
755	3257980531315	cookies
756	3257980531315	chocolate-cookies
757	3257980890474	shortbread-cookies
758	3257981083264	shortbread-cookies
759	3257981663381	shortbread-cookies
760	3257981663398	shortbread-cookies
761	3257982273718	cookies-with-chocolate-and-coconut
762	3257982273718	cookies
763	3257982273718	chocolate-cookies
764	3257983156522	shortbread-cookies
765	3257984003092	shortbread-cookies
766	3257984640389	shortbread-cookies
767	3257984858869	almond-cookies
768	3257984858869	cookies
769	3257985024812	chocolate-and-hazelnut-cookies
770	3257985024812	cookies
771	3257985024812	chocolate-cookies
772	3257985137086	cookies
773	3257985590959	shortbread-cookies
774	3258561020327	shortbread-cookies
775	3258561020341	shortbread-cookies
776	3258561020358	shortbread-cookies
777	3258561020587	shortbread-cookies
778	3258561020600	shortbread-cookies
779	3258561020624	shortbread-cookies
780	3258561020983	shortbread-cookies
781	3258561021034	cookies
782	3258561021041	cookies-with-chocolate-and-nougat
783	3258561021041	cookies
784	3258561021041	chocolate-cookies
785	3258561021065	cookies
786	3258561021065	chocolate-cookies
787	3258561021072	cookies
788	3258563020219	shortbread-cookies
789	3258563020240	shortbread-cookies
790	3258563020271	shortbread-cookies
791	3258563020295	shortbread-cookies
792	3258563020332	shortbread-cookies
793	3259011160747	shortbread-cookies
794	3259011189328	shortbread-cookies
795	3259011189380	shortbread-cookies
796	3259420009637	shortbread-cookies
797	3259426013034	shortbread-cookies
798	3259426013201	shortbread-cookies
799	3259426014185	shortbread-cookies
800	3259426014277	shortbread-cookies
801	3259426014505	shortbread-cookies
802	3259426022074	shortbread-cookies
803	3259426030604	shortbread-cookies
804	3259426032370	shortbread-cookies
805	3259426033919	shortbread-cookies
806	3259426035081	shortbread-cookies
807	3259426035319	shortbread-cookies
808	3259426036095	shortbread-cookies
809	3259426039034	cookies
810	3259426039034	chocolate-cookies
811	3260260031412	shortbread-cookies
812	3260260031443	shortbread-cookies
813	3260260031542	shortbread-cookies
814	3260260031986	shortbread-cookies
815	3260260032365	shortbread-cookies
816	3260260032549	shortbread-cookies
817	3260260046126	shortbread-cookies
818	3260260046164	shortbread-cookies
819	3260260046218	shortbread-cookies
820	3260260046263	shortbread-cookies
821	3260260046812	shortbread-cookies
822	3260439714108	shortbread-cookies
823	3263850578212	shortbread-cookies
824	3263850578915	shortbread-cookies
825	3263850580314	shortbread-cookies
826	3263850588310	cookies
827	3263850588419	cookies
828	3263850588419	chocolate-cookies
829	3263850595011	cookies
830	3263850595011	chocolate-cookies
831	3263851165510	cookies
832	3263851165510	chocolate-cookies
833	3263852903012	shortbread-cookies
834	3263852903418	shortbread-cookies
835	3263852903517	shortbread-cookies
836	3263852903814	cookies-with-chocolate-and-nougat
837	3263852903814	cookies
838	3263852903814	chocolate-cookies
839	3263852911116	shortbread-cookies
840	3263852911215	cookies
841	3263852911215	chocolate-cookies
842	3263852911611	cookies
843	3263852911611	chocolate-cookies
844	3263852911710	cookies
845	3263852911710	chocolate-cookies
846	3263852912328	shortbread-cookies
847	3263852913813	cookies-with-chocolate-and-nougat
848	3263852913813	cookies
849	3263852913813	chocolate-cookies
850	3263852914193	shortbread-cookies
851	3263852914292	shortbread-cookies
852	3263852915916	shortbread-cookies
853	3263852916319	shortbread-cookies
854	3263852916616	shortbread-cookies
855	3263852916715	cookies
856	3263852916715	chocolate-cookies
857	3263852916760	cookies
858	3263852916760	chocolate-cookies
859	3263852918719	almond-cookies
860	3263852918719	cookies
861	3263852918719	chocolate-cookies
862	3263852918818	cookies
863	3263852918818	chocolate-cookies
864	3263852921610	shortbread-cookies
865	3263852921825	shortbread-cookies
866	3263852922310	cookies
867	3263852922310	chocolate-cookies
868	3263852922518	shortbread-cookies
869	3263852925410	cookies-with-chocolate-and-coconut
870	3263852925410	cookies
871	3263852925410	chocolate-cookies
872	3263852926318	shortbread-cookies
873	3263852926516	shortbread-cookies
874	3263852926714	shortbread-cookies
875	3263852927018	shortbread-cookies
876	3263852927513	shortbread-cookies
877	3263852931817	cookies
878	3263852931817	chocolate-cookies
879	3264950120295	shortbread-cookies
880	3266191007526	cookies
881	3266191007526	chocolate-cookies
882	3266191007557	cookies
883	3266191007557	chocolate-cookies
884	3266191007786	shortbread-cookies
885	3266191008301	shortbread-cookies
886	3266191008318	shortbread-cookies
887	3266191008325	shortbread-cookies
888	3266191008417	shortbread-cookies
889	3266191008660	cookies
890	3266191008660	chocolate-cookies
891	3266191009292	cookies
892	3266191009292	chocolate-cookies
893	3266191085586	shortbread-cookies
894	3268191007797	shortbread-cookies
895	3268350120237	cookies
896	3268350120343	shortbread-cookies
897	3268350120367	cookies
898	3268350120367	chocolate-cookies
899	3268350120831	shortbread-cookies
900	3268350120848	shortbread-cookies
901	3268350120916	cookies
902	3268350120916	chocolate-cookies
903	3270160311446	shortbread-cookies
904	3270160800704	chocolate-and-hazelnut-cookies
905	3270160800704	cookies
906	3270160800704	chocolate-cookies
907	3270160801114	shortbread-cookies
908	3270160820986	cookies
909	3270160820986	chocolate-cookies
910	3270160824083	chocolate-and-hazelnut-cookies
911	3270160824083	cookies
912	3270160824083	chocolate-cookies
913	3270160850631	shortbread-cookies
914	3270160850938	shortbread-cookies
915	3270160853724	shortbread-cookies
916	3270190112266	shortbread-cookies
917	3270190114055	chocolate-and-hazelnut-cookies
918	3270190114055	cookies
919	3270190114055	chocolate-cookies
920	3270190127871	chocolate-and-hazelnut-cookies
921	3270190127871	cookies
922	3270190127871	chocolate-cookies
923	3270190182153	shortbread-cookies
924	3274643000179	almond-cookies
925	3274643000179	cookies
926	3274643110151	almond-cookies
927	3274643110151	cookies
928	3274647140581	almond-cookies
929	3274647140581	cookies
930	3277735225238	shortbread-cookies
931	3277735225474	shortbread-cookies
932	3277735225481	shortbread-cookies
933	3277735225801	almond-cookies
934	3277735225801	cookies
935	3281890103058	almond-cookies
936	3281890103058	cookies
937	3286637900006	almond-cookies
938	3286637900006	cookies
939	3286639800007	almond-cookies
940	3286639800007	cookies
941	3286790020153	shortbread-cookies
942	3291030011082	shortbread-cookies
943	3291030607001	shortbread-cookies
944	3293680021015	shortbread-cookies
945	3293680021428	shortbread-cookies
946	3293680210129	shortbread-cookies
947	3293680210228	shortbread-cookies
948	3293680214226	shortbread-cookies
949	3293682102101	shortbread-cookies
950	3304218058240	almond-cookies
951	3304218058240	cookies
952	3307484001095	almond-cookies
953	3307484001095	cookies
954	3307484001149	almond-cookies
955	3307484001149	cookies
956	3316097000005	cookies
957	3316097000005	chocolate-cookies
958	3321927353008	almond-cookies
959	3321927353008	cookies
960	3328079000033	shortbread-cookies
961	3328079000057	shortbread-cookies
962	3328079002501	shortbread-cookies
963	3328079033253	shortbread-cookies
964	3328079043009	shortbread-cookies
965	3328079063106	shortbread-cookies
966	3328079073006	shortbread-cookies
967	3328481290480	shortbread-cookies
968	3329229000026	shortbread-cookies
969	3329229000071	shortbread-cookies
970	3329229110008	shortbread-cookies
971	3329229900005	shortbread-cookies
972	3329489030016	shortbread-cookies
973	3329489030054	cookies
974	3329489030054	chocolate-cookies
975	3329489030061	shortbread-cookies
976	3329489030108	shortbread-cookies
977	3329489030139	shortbread-cookies
978	3333040000516	almond-cookies
979	3333040000516	cookies
980	3333040001322	shortbread-cookies
981	3333040007874	almond-cookies
982	3333040007874	cookies
983	3335440220716	almond-cookies
984	3335440220716	cookies
985	3335440220723	almond-cookies
986	3335440220723	cookies
987	3335440501266	almond-cookies
988	3335440501266	cookies
989	3337442012023	shortbread-cookies
990	3337442012368	shortbread-cookies
991	3337442018360	shortbread-cookies
992	3337442650003	shortbread-cookies
993	3337442700005	shortbread-cookies
994	3339740006278	shortbread-cookies
995	3340292025600	shortbread-cookies
996	3340295405003	shortbread-cookies
997	3346041395628	shortbread-cookies
998	3347437062315	cookies
999	3347437062315	chocolate-cookies
1000	3347437076312	almond-cookies
1001	3347437076312	cookies
1002	3350031526725	shortbread-cookies
1003	3350031669248	shortbread-cookies
1004	3350031718779	almond-cookies
1005	3350031718779	cookies
1006	3350033092419	shortbread-cookies
1007	3350033104372	shortbread-cookies
1008	3350033118058	chocolate-and-hazelnut-cookies
1009	3350033118058	cookies
1010	3350033118058	chocolate-cookies
1011	3350033118065	cookies
1012	3350033118065	chocolate-cookies
1013	3350033118072	shortbread-cookies
1014	3350033304284	cookies
1015	3350033304291	cookies
1016	3350033304291	chocolate-cookies
1017	3350033307711	cookies
1018	3350033307988	cookies
1019	3350033307988	chocolate-cookies
1020	3350033307995	almond-cookies
1021	3350033307995	cookies
1022	3350033307995	chocolate-cookies
1023	3353630000597	shortbread-cookies
1024	3353703850531	shortbread-cookies
1025	3367651005417	cookies
1026	3367651007176	cookies
1027	3367651007176	chocolate-cookies
1028	3368390000893	shortbread-cookies
1029	3368390028002	shortbread-cookies
1030	3368390040189	shortbread-cookies
1031	3368390040363	shortbread-cookies
1032	3368954330855	shortbread-cookies
1033	3368955782202	shortbread-cookies
1034	3368957079010	shortbread-cookies
1035	3368959425204	shortbread-cookies
1036	3373030000355	shortbread-cookies
1037	3373030000911	shortbread-cookies
1038	3373030000942	shortbread-cookies
1039	3380033501703	shortbread-cookies
1040	3380033502052	shortbread-cookies
1041	3380033532004	shortbread-cookies
1042	3380033540023	shortbread-cookies
1043	3380380049705	cookies
1044	3380380049705	chocolate-cookies
1045	3380380072321	shortbread-cookies
1046	3380380072338	shortbread-cookies
1047	3380790000020	shortbread-cookies
1048	3380790000037	shortbread-cookies
1049	3380790000396	shortbread-cookies
1050	3380790001034	shortbread-cookies
1051	3386941204972	shortbread-cookies
1052	3389090018124	shortbread-cookies
1053	3389090020202	shortbread-cookies
1054	3395250000373	shortbread-cookies
1055	3395250003510	shortbread-cookies
1056	3396410022204	shortbread-cookies
1057	3396410024611	shortbread-cookies
1058	3396410024932	shortbread-cookies
1059	3396410024987	shortbread-cookies
1060	3396410216191	shortbread-cookies
1061	3396411216893	shortbread-cookies
1062	3396411217692	shortbread-cookies
1063	3396411217845	shortbread-cookies
1064	3396411223846	shortbread-cookies
1065	3396411224966	shortbread-cookies
1066	3396411225024	shortbread-cookies
1067	3396411230073	shortbread-cookies
1068	3401060106782	shortbread-cookies
1069	3410280004709	cookies-with-chocolate-and-nougat
1070	3410280004709	cookies
1071	3410280004709	chocolate-cookies
1072	3410280020532	cookies
1073	3410280020532	chocolate-cookies
1074	3410280049168	shortbread-cookies
1075	3413160002772	cookies
1076	3413880120442	shortbread-cookies
1077	3413880120459	shortbread-cookies
1078	3413880120473	shortbread-cookies
1079	3413910091391	shortbread-cookies
1080	3413910091414	shortbread-cookies
1081	3415306290159	shortbread-cookies
1082	3415306292078	shortbread-cookies
1083	3415306292085	shortbread-cookies
1084	3418321264747	shortbread-cookies
1085	3421557903021	shortbread-cookies
1086	3421557903106	shortbread-cookies
1087	3423720003026	shortbread-cookies
1088	3423720003033	shortbread-cookies
1089	3423720003170	shortbread-cookies
1090	3423720003194	shortbread-cookies
1091	3423720003231	shortbread-cookies
1092	3423720003248	shortbread-cookies
1093	3423720013421	shortbread-cookies
1094	3423720013445	shortbread-cookies
1095	3423720013452	shortbread-cookies
1096	3430660000114	shortbread-cookies
1097	3430660002118	shortbread-cookies
1098	3435070026099	shortbread-cookies
1099	3435070026600	shortbread-cookies
1100	3435070029205	shortbread-cookies
1101	3435077009576	shortbread-cookies
1102	3439495200829	cookies-with-chocolate-and-nougat
1103	3439495200829	cookies
1104	3439495200829	chocolate-cookies
1105	3439495203134	cookies
1106	3439495203134	chocolate-cookies
1107	3441802641805	almond-cookies
1108	3441802641805	cookies
1109	3449612166006	shortbread-cookies
1110	3450970006446	shortbread-cookies
1111	3450970046541	cookies
1112	3450970046541	chocolate-cookies
1113	3450970090292	cookies
1114	3450970142182	shortbread-cookies
1115	3455830000039	shortbread-cookies
1116	3459975609812	shortbread-cookies
1117	3460340300142	shortbread-cookies
1118	3460340300159	shortbread-cookies
1119	34632352	cookies
1120	3464860012059	shortbread-cookies
1121	3464860060128	shortbread-cookies
1122	3472860001058	shortbread-cookies
1123	3472860001386	cookies
1124	3472860001386	chocolate-cookies
1125	3472860001430	cookies
1126	3472860001492	shortbread-cookies
1127	3472860001553	cookies
1128	3472860001638	shortbread-cookies
1129	3472860001751	cookies
1130	3472860002338	shortbread-cookies
1131	3472860002338	cookies
1132	3472860002383	shortbread-cookies
1133	3472860002383	cookies
1134	3472860002383	chocolate-cookies
1135	3472860002451	shortbread-cookies
1136	3472860002482	shortbread-cookies
1137	3472860002499	shortbread-cookies
1138	3472860003014	cookies
1139	3472860003014	chocolate-cookies
1140	3472860003052	cookies
1141	3472860003106	cookies
1142	3472860003120	cookies
1143	3472860003137	cookies
1144	3472860003137	chocolate-cookies
1145	3472860003151	cookies
1146	3472860003151	chocolate-cookies
1147	3472860003168	cookies
1148	3472860003212	cookies
1149	3472860003335	cookies
1150	3472860003380	cookies
1151	3472860003380	chocolate-cookies
1152	3472860003434	cookies
1153	3472860003434	chocolate-cookies
1154	3472860003458	shortbread-cookies
1155	3472860003489	shortbread-cookies
1156	3472860003557	shortbread-cookies
1157	3472860003557	cookies
1158	3472860003601	shortbread-cookies
1159	3472860003618	shortbread-cookies
1160	3472860003625	cookies
1161	3472860004011	shortbread-cookies
1162	3472860051053	shortbread-cookies
1163	3472860053019	cookies
1164	3472860053057	cookies
1165	3472860091264	shortbread-cookies
1166	3472860091769	shortbread-cookies
1167	3472860091882	shortbread-cookies
1168	3472860093411	cookies
1169	3472860093411	chocolate-cookies
1170	3472860093459	cookies
1171	3472860093459	chocolate-cookies
1172	3472860094227	shortbread-cookies
1173	3472860094739	shortbread-cookies
1174	3472860402886	shortbread-cookies
1175	3472860403340	shortbread-cookies
1176	3472860403371	shortbread-cookies
1177	3472860403883	shortbread-cookies
1178	3472860404521	shortbread-cookies
1179	3472860404835	shortbread-cookies
1180	3472860404897	cookies
1181	3472860404910	shortbread-cookies
1182	3472860405689	cookies
1183	3474340024700	cookies-with-milk-chocolate
1184	3474340024700	cookies
1185	3474340024700	chocolate-cookies
1186	3477690003258	shortbread-cookies
1187	3477690005627	shortbread-cookies
1188	3478660000109	shortbread-cookies
1189	3478660050293	shortbread-cookies
1190	3478660050296	shortbread-cookies
1191	3478660050500	shortbread-cookies
1192	3478660060097	shortbread-cookies
1193	3478820036719	shortbread-cookies
1194	3478820037846	shortbread-cookies
1195	3478894469819	shortbread-cookies
1196	3478920017809	almond-cookies
1197	3478920017809	cookies
1198	3478920021646	almond-cookies
1199	3478920021646	cookies
1200	3481711115219	shortbread-cookies
1201	3483830701304	shortbread-cookies
1202	3483830702509	shortbread-cookies
1203	3497390000036	almond-cookies
1204	3497390000036	cookies
1205	3497900006039	shortbread-cookies
1206	34996020706622	chocolate-and-hazelnut-cookies
1207	34996020706622	cookies
1208	34996020706622	chocolate-cookies
1209	3502790725349	almond-cookies
1210	3502790725349	cookies
1211	3502790726216	almond-cookies
1212	3502790726216	cookies
1213	3511741224343	shortbread-cookies
1214	3511741705798	shortbread-cookies
1215	3513851559339	shortbread-cookies
1216	3513851559353	shortbread-cookies
1217	3513851559360	shortbread-cookies
1218	3532610084004	almond-cookies
1219	3532610084004	cookies
1220	3534450308692	shortbread-cookies
1221	3535800315209	shortbread-cookies
1222	3535800340508	shortbread-cookies
1223	3535800720300	shortbread-cookies
1224	3535800950202	almond-cookies
1225	3535800950202	cookies
1226	3543930000445	almond-cookies
1227	3543930000445	cookies
1228	3549170003529	shortbread-cookies
1229	3552085006295	shortbread-cookies
1230	3552085008268	almond-cookies
1231	3552085008268	cookies
1232	3552085009548	shortbread-cookies
1233	3555081130070	shortbread-cookies
1234	3555081130407	shortbread-cookies
1235	3555081143629	shortbread-cookies
1236	3555081146385	shortbread-cookies
1237	3555081147924	shortbread-cookies
1238	3555081149966	shortbread-cookies
1239	3555081196526	shortbread-cookies
1240	3555140002508	shortbread-cookies
1241	3555140003420	shortbread-cookies
1242	3555140008791	shortbread-cookies
1243	3555141002903	shortbread-cookies
1244	3556940112671	cookies
1245	3556940112671	chocolate-cookies
1246	3556940762937	shortbread-cookies
1247	3556940811628	shortbread-cookies
1248	3556940811642	shortbread-cookies
1249	3556940811659	shortbread-cookies
1250	3556940811666	shortbread-cookies
1251	3556940811963	shortbread-cookies
1252	3556940812014	cookies
1253	3556940812014	chocolate-cookies
1254	3556940812052	shortbread-cookies
1255	3556940901077	shortbread-cookies
1256	3558460380042	shortbread-cookies
1257	3558460580022	shortbread-cookies
1258	3560070048755	shortbread-cookies
1259	3560070048786	cookies
1260	3560070048786	chocolate-cookies
1261	3560070048816	cookies-with-chocolate-and-nougat
1262	3560070048816	cookies
1263	3560070048816	chocolate-cookies
1264	3560070221912	shortbread-cookies
1265	3560070355464	shortbread-cookies
1266	3560070371693	chocolate-and-hazelnut-cookies
1267	3560070371693	cookies-with-chocolate-and-nougat
1268	3560070371693	cookies
1269	3560070371693	chocolate-cookies
1270	3560070411917	cookies
1271	3560070411948	cookies
1272	3560070413096	shortbread-cookies
1273	3560070606573	shortbread-cookies
1274	3560070617982	shortbread-cookies
1275	3560070649204	shortbread-cookies
1276	3560070649235	shortbread-cookies
1277	3560070681358	cookies
1278	3560070712212	shortbread-cookies
1279	3560070744770	cookies
1280	3560070744770	chocolate-cookies
1281	3560070745012	shortbread-cookies
1282	3560070759293	shortbread-cookies
1283	3560070759385	shortbread-cookies
1284	3560070766390	shortbread-cookies
1285	3560070873364	shortbread-cookies
1286	3560070894642	shortbread-cookies
1287	3560070931385	shortbread-cookies
1288	3560070936472	cookies
1289	3560070936472	chocolate-cookies
1290	3560070967810	shortbread-cookies
1291	3560070970315	cookies
1292	3560070983278	shortbread-cookies
1293	3560071046705	cookies
1294	3560071046705	chocolate-cookies
1295	3560071048563	shortbread-cookies
1296	3560071062255	shortbread-cookies
1297	3560071080181	shortbread-cookies
1298	3560071112806	shortbread-cookies
1299	3560071115906	shortbread-cookies
1300	3560071151423	cookies
1301	3560071151423	chocolate-cookies
1302	3560071156947	cookies
1303	3560071156947	chocolate-cookies
1304	3561770007042	shortbread-cookies
1305	3561770008049	shortbread-cookies
1306	3564700000649	shortbread-cookies
1307	3564700000656	shortbread-cookies
1308	3564700000694	cookies
1309	3564700000717	cookies
1310	3564700000717	chocolate-cookies
1311	3564700000724	cookies-with-chocolate-and-coconut
1312	3564700000724	cookies
1313	3564700000724	chocolate-cookies
1314	3564700184257	shortbread-cookies
1315	3564700408605	shortbread-cookies
1316	3564700432761	shortbread-cookies
1317	3564700471029	shortbread-cookies
1318	3564700564431	cookies
1319	3564700564431	chocolate-cookies
1320	3564700564462	cookies
1321	3564700564462	chocolate-cookies
1322	3564700612095	cookies
1323	3564700612095	chocolate-cookies
1324	3564700612132	almond-cookies
1325	3564700612132	cookies
1326	3564700650028	shortbread-cookies
1327	3564700651353	shortbread-cookies
1328	3564700651360	cookies
1329	3564700651360	chocolate-cookies
1330	3564700695197	chocolate-and-hazelnut-cookies
1331	3564700695197	cookies
1332	3564700695197	chocolate-cookies
1333	3564700771365	shortbread-cookies
1334	3564700793657	cookies
1335	3564700807880	shortbread-cookies
1336	3564700858684	shortbread-cookies
1337	3564700859049	shortbread-cookies
1338	3564700883037	shortbread-cookies
1339	3564706509863	cookies
1340	3564706509863	chocolate-cookies
1341	3564707080965	cookies
1342	3564707080965	chocolate-cookies
1343	3564707083553	shortbread-cookies
1344	3564707083751	shortbread-cookies
1345	3564709000169	shortbread-cookies
1346	3564709001876	shortbread-cookies
1347	3564709008868	shortbread-cookies
1348	3564709053226	shortbread-cookies
1349	3564709165899	shortbread-cookies
1350	3564884013633	shortbread-cookies
1351	3565300002781	almond-cookies
1352	3565300002781	cookies
1353	3580240901024	almond-cookies
1354	3580240901024	cookies
1355	3582730001740	shortbread-cookies
1356	3582739701887	shortbread-cookies
1357	3585730001246	shortbread-cookies
1358	3585730002472	shortbread-cookies
1359	3585810072111	shortbread-cookies
1360	3588570002657	shortbread-cookies
1361	3588570003470	shortbread-cookies
1362	3588570003913	shortbread-cookies
1363	3588570004453	shortbread-cookies
1364	3593551173554	shortbread-cookies
1365	3593551175374	shortbread-cookies
1366	3593551176098	shortbread-cookies
1367	3594480002472	shortbread-cookies
1368	3596710320820	shortbread-cookies
1369	3596710321933	cookies-with-chocolate-and-coconut
1370	3596710321933	cookies
1371	3596710321933	chocolate-cookies
1372	3596710333011	shortbread-cookies
1373	3596710336579	cookies
1374	3596710347957	shortbread-cookies
1375	3596710347995	shortbread-cookies
1376	3596710348305	shortbread-cookies
1377	3596710356010	shortbread-cookies
1378	3596710356164	shortbread-cookies
1379	3596710356201	cookies
1380	3596710356201	chocolate-cookies
1381	3596710366101	shortbread-cookies
1382	3596710380930	cookies
1383	3596710380930	chocolate-cookies
1384	3596710388110	shortbread-cookies
1385	3596710388127	shortbread-cookies
1386	3596710388141	shortbread-cookies
1387	3596710388158	shortbread-cookies
1388	3596710393077	shortbread-cookies
1389	3596710402229	shortbread-cookies
1390	3596710404179	chocolate-and-hazelnut-cookies
1391	3596710404179	cookies
1392	3596710404179	chocolate-cookies
1393	3596710431441	cookies
1394	3596710439157	shortbread-cookies
1395	3596710742684	cookies
1396	3596710742684	chocolate-cookies
1397	3637760851466	shortbread-cookies
1398	3660992025053	shortbread-cookies
1399	3660992025114	cookies
1400	3660992025114	chocolate-cookies
1401	3661942002353	shortbread-cookies
1402	3663350004516	shortbread-cookies
1403	3663350004547	shortbread-cookies
1404	3663350026372	shortbread-cookies
1405	3663350043355	shortbread-cookies
1406	3663350044000	shortbread-cookies
1407	3663906201871	almond-cookies
1408	3663906201871	cookies
1409	3677316142051	cookies
1410	3677316142051	chocolate-cookies
1411	3700005001268	shortbread-cookies
1412	3700005003286	shortbread-cookies
1413	3700036903272	cookies
1414	3700036903272	chocolate-cookies
1415	3700211234221	cookies
1416	3700211234351	cookies
1417	3700214613122	cookies
1418	3700214613122	chocolate-cookies
1419	3700214613139	cookies-with-chocolate-and-nougat
1420	3700214613139	cookies
1421	3700214613139	chocolate-cookies
1422	3700214613146	cookies-with-chocolate-and-coconut
1423	3700214613146	cookies
1424	3700214613146	chocolate-cookies
1425	3700311810332	cookies-with-chocolate-and-nougat
1426	3700311810332	cookies
1427	3700311810332	chocolate-cookies
1428	3700311810431	shortbread-cookies
1429	3700311811360	shortbread-cookies
1430	3700311811377	shortbread-cookies
1431	3700413400318	cookies
1432	3700413400318	chocolate-cookies
1433	3700416240201	almond-cookies
1434	3700416240201	cookies
1435	3700566452110	shortbread-cookies
1436	3700569023218	shortbread-cookies
1437	3700569103040	cookies
1438	3700621730177	shortbread-cookies
1439	3700621730283	shortbread-cookies
1440	3700621730290	shortbread-cookies
1441	3700621730313	shortbread-cookies
1442	3700662753517	almond-cookies
1443	3700662753517	cookies
1444	3700754700009	shortbread-cookies
1445	3700754700634	shortbread-cookies
1446	3700754711616	shortbread-cookies
1447	3700754717205	shortbread-cookies
1448	3700754780056	shortbread-cookies
1449	3700796302636	shortbread-cookies
1450	3700994200222	chocolate-and-hazelnut-cookies
1451	3700994200222	cookies
1452	3700994200222	chocolate-cookies
1453	3760002250045	shortbread-cookies
1454	3760002250618	shortbread-cookies
1455	3760002259475	shortbread-cookies
1456	3760003785171	almond-cookies
1457	3760003785171	cookies
1458	3760005021147	shortbread-cookies
1459	3760005021291	shortbread-cookies
1460	3760005021307	shortbread-cookies
1461	3760005025299	shortbread-cookies
1462	3760005026951	cookies
1463	3760005026968	chocolate-and-hazelnut-cookies
1464	3760005026968	cookies
1465	3760005026968	chocolate-cookies
1466	3760005450206	chocolate-and-hazelnut-cookies
1467	3760005450206	cookies
1468	3760005450206	chocolate-cookies
1469	3760005450213	cookies
1470	3760005450213	chocolate-cookies
1471	3760009540064	almond-cookies
1472	3760009540064	cookies
1473	3760009540194	shortbread-cookies
1474	3760009685796	shortbread-cookies
1475	3760016000032	shortbread-cookies
1476	3760016000049	shortbread-cookies
1477	3760016000100	shortbread-cookies
1478	3760020502041	shortbread-cookies
1479	3760020502102	shortbread-cookies
1480	3760020506193	shortbread-cookies
1481	3760020506209	shortbread-cookies
1482	3760020508395	shortbread-cookies
1483	3760020509958	shortbread-cookies
1484	3760023340350	shortbread-cookies
1485	3760023341029	shortbread-cookies
1486	3760023342019	shortbread-cookies
1487	3760029243006	shortbread-cookies
1488	3760029244003	shortbread-cookies
1489	3760029246304	shortbread-cookies
1490	3760029247301	shortbread-cookies
1491	3760029247608	shortbread-cookies
1492	3760029247905	shortbread-cookies
1493	3760031830317	shortbread-cookies
1494	3760031830324	shortbread-cookies
1495	3760035035107	shortbread-cookies
1496	3760043030200	shortbread-cookies
1497	3760049733112	shortbread-cookies
1498	3760058950098	shortbread-cookies
1499	3760059926252	shortbread-cookies
1500	3760061051638	shortbread-cookies
1501	3760061492202	cookies
1502	3760068440060	shortbread-cookies
1503	3760071215105	shortbread-cookies
1504	3760074413317	shortbread-cookies
1505	3760074417148	cookies
1506	3760074417162	cookies
1507	3760074417162	chocolate-cookies
1508	3760074418107	shortbread-cookies
1509	3760074419289	shortbread-cookies
1510	3760086675017	almond-cookies
1511	3760086675017	cookies
1512	3760088720456	almond-cookies
1513	3760088720456	cookies
1514	3760091722904	cookies
1515	3760091722904	chocolate-cookies
1516	3760092217072	almond-cookies
1517	3760092217072	cookies
1518	3760094363449	almond-cookies
1519	3760094363449	cookies
1520	3760098700141	shortbread-cookies
1521	3760107131539	cookies
1522	3760109054171	cookies
1523	3760109800075	shortbread-cookies
1524	3760112141998	shortbread-cookies
1525	3760116500920	shortbread-cookies
1526	3760121210524	cookies
1527	3760121210524	chocolate-cookies
1528	3760121212429	cookies
1529	3760121212726	shortbread-cookies
1530	3760122960114	shortbread-cookies
1531	3760122960121	shortbread-cookies
1532	3760122960138	shortbread-cookies
1533	3760122961111	shortbread-cookies
1534	3760122961197	shortbread-cookies
1535	3760122961203	shortbread-cookies
1536	3760122961289	cookies-with-milk-chocolate
1537	3760122961289	cookies
1538	3760122961289	chocolate-cookies
1539	3760122961296	cookies
1540	3760122961296	chocolate-cookies
1541	3760122961586	cookies-with-milk-chocolate
1542	3760122961586	cookies
1543	3760122961586	chocolate-cookies
1544	3760122961593	cookies-with-chocolate-and-nougat
1545	3760122961593	cookies
1546	3760122961593	chocolate-cookies
1547	3760122961708	cookies
1548	3760122961715	cookies
1549	3760122961715	chocolate-cookies
1550	3760122961722	cookies
1551	3760122961739	almond-cookies
1552	3760122961739	cookies
1553	3760122961753	cookies
1554	3760122961760	cookies
1555	3760122961760	chocolate-cookies
1556	3760122961777	almond-cookies
1557	3760122961777	cookies
1558	3760122961784	cookies
1559	3760122961784	chocolate-cookies
1560	3760122962002	cookies
1561	3760122964488	cookies
1562	3760122965287	cookies
1563	3760122966109	cookies
1564	3760122966109	chocolate-cookies
1565	3760122966116	chocolate-and-hazelnut-cookies
1566	3760122966116	cookies
1567	3760122966116	chocolate-cookies
1568	3760122966130	cookies
1569	3760122966208	cookies
1570	3760122966505	cookies
1571	3760122968882	cookies
1572	3760122968882	chocolate-cookies
1573	3760122968912	cookies
1574	3760122968912	chocolate-cookies
1575	3760133673355	cookies
1576	3760133673355	chocolate-cookies
1577	3760134260820	shortbread-cookies
1578	3760135233502	shortbread-cookies
1579	3760135233526	shortbread-cookies
1580	3760135233588	shortbread-cookies
1581	3760135610037	shortbread-cookies
1582	3760154260602	shortbread-cookies
1583	3760154261111	shortbread-cookies
1584	3760154261609	shortbread-cookies
1585	3760154261869	shortbread-cookies
1586	3760154261951	shortbread-cookies
1587	3760155984248	cookies
1588	3760159102563	cookies
1589	3760159102563	chocolate-cookies
1590	3760167941406	cookies-with-milk-chocolate
1591	3760167941406	cookies
1592	3760167941406	chocolate-cookies
1593	3760167941413	cookies
1594	3760167941413	chocolate-cookies
1595	3760183042088	shortbread-cookies
1596	3760203430222	almond-cookies
1597	3760203430222	cookies
1598	3760242460129	shortbread-cookies
1599	3760242460143	shortbread-cookies
1600	3760243040078	shortbread-cookies
1601	3760246091404	shortbread-cookies
1602	3760253290012	cookies
1603	3760253290050	cookies
1604	3760253290050	chocolate-cookies
1605	3760253290104	cookies
1606	3760253290104	chocolate-cookies
1607	3760253840002	shortbread-cookies
1608	3760255820491	shortbread-cookies
1609	3770002558034	shortbread-cookies
1610	3770002558355	cookies
1611	3770002558355	chocolate-cookies
1612	3770002558393	cookies
1613	3770002558393	chocolate-cookies
1614	3770002558409	cookies
1615	3770002558409	chocolate-cookies
1616	3770003262312	shortbread-cookies
1617	3770003262640	shortbread-cookies
1618	3770003887003	shortbread-cookies
1619	3770003887010	shortbread-cookies
1620	3770004019502	shortbread-cookies
1621	3770004362042	chocolate-and-hazelnut-cookies
1622	3770004362042	cookies
1623	3770004362042	chocolate-cookies
1624	3770006165122	cookies-with-chocolate-and-coconut
1625	3770006165122	cookies
1626	3770006165122	chocolate-cookies
1627	3770006165184	cookies
1628	3770006165184	chocolate-cookies
1629	3770006165214	chocolate-and-hazelnut-cookies
1630	3770006165214	cookies-with-milk-chocolate
1631	3770006165214	cookies
1632	3770006165214	chocolate-cookies
1633	3770006165245	cookies-with-chocolate-and-coconut
1634	3770006165245	cookies
1635	3770006165245	chocolate-cookies
1636	3770007204141	cookies
1637	3770007386076	almond-cookies
1638	3770007386076	cookies
1639	3800232730518	cookies
1640	3800232730518	chocolate-cookies
1641	3800232730525	cookies
1642	4001453311541	oatmeal-cookies
1643	4001453311541	cookies
1644	4001518111161	cookies
1645	4001518111161	chocolate-cookies
1646	4001518112212	cookies-with-milk-chocolate
1647	4001518112212	cookies
1648	4001518112212	chocolate-cookies
1649	4005561001783	chocolate-and-hazelnut-cookies
1650	4005561001783	cookies
1651	4005561001783	chocolate-cookies
1652	4005561002421	chocolate-and-hazelnut-cookies
1653	4005561002421	cookies
1654	4005561002421	chocolate-cookies
1655	4005967585689	cookies-with-milk-chocolate
1656	4005967585689	cookies
1657	4005967585689	chocolate-cookies
1658	4006894554205	shortbread-cookies
1659	4009176091108	cookies
1660	4009176091108	chocolate-cookies
1661	4009176314771	shortbread-cookies
1662	4009176454958	shortbread-cookies
1663	4009176565470	cookies
1664	4009176565470	chocolate-cookies
1665	4013320247808	cookies
1666	4017100374104	shortbread-cookies
1667	4017100376108	shortbread-cookies
1668	4017100490606	shortbread-cookies
1669	4017100491207	shortbread-cookies
1670	4022993045710	cookies
1671	4022993045710	chocolate-cookies
1672	40879628	cookies-with-chocolate-and-nougat
1673	40879628	cookies
1674	40879628	chocolate-cookies
1675	4104420057289	cookies
1676	418930	cookies
1677	418930	chocolate-cookies
1678	4212268800704	chocolate-and-hazelnut-cookies
1679	4212268800704	cookies
1680	4212268800704	chocolate-cookies
1681	4300000047125	cookies
1682	4311501365052	cookies
1683	4311501365090	cookies
1684	4316268424813	cookies
1685	4316268424813	chocolate-cookies
1686	4337185329845	cookies
1687	4388844093256	cookies
1688	4388844093256	chocolate-cookies
1689	4388860132175	oatmeal-cookies
1690	4388860132175	cookies
1691	4400002007	cookies
1692	4400002007	chocolate-cookies
1693	4600919814734	cookies
1694	4603720185987	oatmeal-cookies
1695	4603720185987	cookies
1696	4607054123622	cookies
1697	4607054123639	cookies
1698	4612515500102	oatmeal-cookies
1699	4612515500102	cookies
1700	4640010206298	oatmeal-cookies
1701	4640010206298	cookies
1702	4640016047406	oatmeal-cookies
1703	4640016047406	cookies
1704	4680225008294	cookies
1705	4690363032471	oatmeal-cookies
1706	4690363032471	cookies
1707	4690469005713	oatmeal-cookies
1708	4690469005713	cookies
1709	4690469006260	cookies
1710	4690469009292	cookies
1711	4711931030542	cookies
1712	4711931030559	cookies
1713	4895047045871	cookies
1714	4895047045871	chocolate-cookies
1715	4901360312375	cookies
1716	5000168011424	shortbread-cookies
1717	5000168043357	shortbread-cookies
1718	5000168152615	shortbread-cookies
1719	5000168152639	shortbread-cookies
1720	5000168170183	shortbread-cookies
1721	5000168185132	shortbread-cookies
1722	5000168185880	shortbread-cookies
1723	5000168197166	shortbread-cookies
1724	5000168198491	shortbread-cookies
1725	5000168198514	shortbread-cookies
1726	50001692068836	cookies-with-milk-chocolate
1727	50001692068836	cookies
1728	50001692068836	chocolate-cookies
1729	5000169403822	cookies
1730	5000183093023	cookies
1731	5000183093030	cookies
1732	5000396008784	shortbread-cookies
1733	5000396010800	shortbread-cookies
1734	5000396017588	shortbread-cookies
1735	5000396034882	shortbread-cookies
1736	5000396034905	shortbread-cookies
1737	5000462324718	cookies
1738	5010035064439	cookies
1739	5010035064439	chocolate-cookies
1740	5010035064446	cookies
1741	5010035064446	chocolate-cookies
1742	5010251537540	shortbread-cookies
1743	5010251703129	shortbread-cookies
1744	5010251738657	shortbread-cookies
1745	5010745055864	shortbread-cookies
1746	5010909001720	shortbread-cookies
1747	5010909004059	shortbread-cookies
1748	5010909004509	shortbread-cookies
1749	5010909004561	shortbread-cookies
1750	5010909005124	shortbread-cookies
1751	5010909005162	shortbread-cookies
1752	5010909005551	shortbread-cookies
1753	5010909005575	shortbread-cookies
1754	5011021400842	shortbread-cookies
1755	5011038136628	shortbread-cookies
1756	5014691880204	shortbread-cookies
1757	5015473000032	shortbread-cookies
1758	5020000199004	shortbread-cookies
1759	5024333218142	shortbread-cookies
1760	5031418000509	shortbread-cookies
1761	5031418000615	shortbread-cookies
1762	5036599201028	shortbread-cookies
1763	5053826001657	shortbread-cookies
1764	5053826504820	shortbread-cookies
1765	5053834708128	shortbread-cookies
1766	5055534300015	cookies
1767	5055839536362	cookies
1768	5057008762947	shortbread-cookies
1769	5060027070412	cookies
1770	5060155770321	shortbread-cookies
1771	5060309490310	cookies
1772	5060309490310	chocolate-cookies
1773	5099874107088	shortbread-cookies
1774	5203064007656	cookies
1775	5390711530015	shortbread-cookies
1776	5400101019454	shortbread-cookies
1777	5400101239050	cookies
1778	5400101249639	cookies
1779	5400101249639	chocolate-cookies
1780	5400111051598	cookies
1781	5400111051598	chocolate-cookies
1782	5400111052274	cookies
1783	5400111052274	chocolate-cookies
1784	5400111054254	almond-cookies
1785	5400111054254	cookies
1786	5400113569435	cookies
1787	5400113569435	chocolate-cookies
1788	5400113606420	cookies
1789	5400113606420	chocolate-cookies
1790	5400141056013	cookies
1791	5400141056013	chocolate-cookies
1792	5400141224979	shortbread-cookies
1793	5400247009098	shortbread-cookies
1794	5400247058461	cookies
1795	5400247058461	chocolate-cookies
1796	5400601010548	shortbread-cookies
1797	5410041152708	cookies
1798	5410126004007	shortbread-cookies
1799	5410126104103	shortbread-cookies
1800	5410126104608	shortbread-cookies
1801	5410471907824	cookies
1802	5411128010034	shortbread-cookies
1803	5411823865922	cookies
1804	5411823865922	chocolate-cookies
1805	5425013621199	shortbread-cookies
1806	5425013629256	shortbread-cookies
1807	5425032930005	shortbread-cookies
1808	5425032930029	chocolate-and-hazelnut-cookies
1809	5425032930029	cookies
1810	5425032930029	chocolate-cookies
1811	5425032930036	shortbread-cookies
1812	5425032930715	cookies
1813	5425032930715	chocolate-cookies
1814	5425034750854	cookies
1815	5576218877697	cookies-with-chocolate-and-nougat
1816	5576218877697	cookies
1817	5576218877697	chocolate-cookies
1818	5709364330727	shortbread-cookies
1819	5901986030881	chocolate-cookies
1820	5901986030881	cookies
1821	5902379714838	chocolate-and-hazelnut-cookies
1822	5902379714838	cookies
1823	5902379714838	chocolate-cookies
1824	5902379735833	cookies
1825	5902379735833	chocolate-cookies
1826	5902379742237	cookies
1827	5902379742237	chocolate-cookies
1828	5902379743838	cookies
1829	5902379743838	chocolate-cookies
1830	5906190553683	shortbread-cookies
1831	5906881423387	chocolate-cookies
1832	5906881423387	almond-cookies
1833	5906881423387	cookies-with-milk-chocolate
1834	5906881423387	cookies
1835	5941300007137	shortbread-cookies
1836	6068824077121	cookies-with-milk-chocolate
1837	6068824077121	cookies
1838	6068824077121	chocolate-cookies
1839	6161105491507	shortbread-cookies
1840	6281100354031	cookies
1841	6298350780367	cookies
1842	6298350780367	chocolate-cookies
1843	65265500031	shortbread-cookies
1844	6984209500100	cookies
1845	71721781	cookies
1846	71721781	chocolate-cookies
1847	7241714588	cookies-with-chocolate-and-nougat
1848	7241714588	cookies
1849	7241714588	chocolate-cookies
1850	7290000524191	shortbread-cookies
1851	7290111530678	shortbread-cookies
1852	7314710477667	cookies
1853	7315550494203	cookies
1854	7317066203768	cookies
1855	7318690081364	cookies
1856	7318690081364	chocolate-cookies
1857	7318690105602	cookies
1858	7318690105602	chocolate-cookies
1859	7501030497981	cookies
1860	7501748001579	shortbread-cookies
1861	75236809	cookies
1862	75236809	chocolate-cookies
1863	7610807166323	shortbread-cookies
1864	7610827760259	almond-cookies
1865	7610827760259	cookies
1866	7613269263937	cookies
1867	7613269263937	chocolate-cookies
1868	7613269458449	shortbread-cookies
1869	7613269858416	cookies
1870	7613312016282	shortbread-cookies
1871	7613379375735	shortbread-cookies
1872	7614800233006	shortbread-cookies
1873	7614800234003	shortbread-cookies
1874	7614800235000	shortbread-cookies
1875	7614800236007	shortbread-cookies
1876	7617400030198	shortbread-cookies
1877	7617400038897	shortbread-cookies
1878	7622210074768	cookies
1879	7622210137289	shortbread-cookies
1880	7622210309310	cookies
1881	7622210353252	cookies
1882	7622210353498	cookies
1883	7622210353498	chocolate-cookies
1884	7622210397782	shortbread-cookies
1885	7622210397782	cookies
1886	7622210402356	cookies
1887	7622210404961	cookies
1888	7622210419965	cookies
1889	7622210420213	cookies
1890	7622210420213	chocolate-cookies
1891	7622210457554	cookies
1892	7622210457912	cookies
1893	7622210466600	cookies
1894	7622210475909	cookies
1895	7622210475909	chocolate-cookies
1896	7622210601988	shortbread-cookies
1897	7622210603869	cookies-with-milk-chocolate
1898	7622210603869	cookies
1899	7622210603869	chocolate-cookies
1900	7622210610843	cookies
1901	7622210610843	chocolate-cookies
1902	7622210659682	cookies-with-milk-chocolate
1903	7622210659682	cookies
1904	7622210659682	chocolate-cookies
1905	7622210689597	cookies
1906	7622210689597	chocolate-cookies
1907	7622210746047	shortbread-cookies
1908	7622210981356	cookies
1909	7622210981356	chocolate-cookies
1910	7622300356767	cookies
1911	7622300356767	chocolate-cookies
1912	7622300598938	cookies
1913	7622300598938	chocolate-cookies
1914	7622300687779	shortbread-cookies
1915	7622300689124	cookies
1916	7622300689124	chocolate-cookies
1917	7622300746742	chocolate-and-hazelnut-cookies
1918	7622300746742	cookies
1919	7622300746742	chocolate-cookies
1920	7622300782443	almond-cookies
1921	7622300782443	cookies
1922	7622300786687	cookies
1923	7622300786687	chocolate-cookies
1924	7626100689124	cookies
1925	7626100689124	chocolate-cookies
1926	7707220540004	cookies
1927	77903518	cookies
1928	7790628102646	cookies
1929	7891962004921	cookies
1930	7891962026756	cookies
1931	7891962035505	cookies-with-milk-chocolate
1932	7891962035505	cookies
1933	7891962035505	chocolate-cookies
1934	7895000467020	cookies
1935	7895000467020	chocolate-cookies
1936	7896003706895	cookies
1937	7896496982004	cookies
1938	8002590003111	cookies
1939	8004835365022	almond-cookies
1940	8004835365022	cookies
1941	8004905771401	shortbread-cookies
1942	8006439000361	almond-cookies
1943	8006439000361	cookies
1944	8008698005491	cookies
1945	8008698012819	cookies
1946	8010247430043	cookies-with-milk-chocolate
1947	8010247430043	cookies
1948	8010247430043	chocolate-cookies
1949	8026434403523	shortbread-cookies
1950	8033753070428	almond-cookies
1951	8033753070428	cookies
1952	8058774350212	shortbread-cookies
1953	80867047	almond-cookies
1954	80867047	cookies
1955	81029102115	cookies
1956	8410000000030	cookies
1957	8410000000030	chocolate-cookies
1958	8410000001013	cookies
1959	8410000001013	chocolate-cookies
1960	8410000802771	cookies
1961	8410000802771	chocolate-cookies
1962	8410251001039	almond-cookies
1963	8410251001039	cookies
1964	8410376001938	cookies
1965	8410376001938	chocolate-cookies
1966	8410376012699	cookies-with-milk-chocolate
1967	8410376012699	cookies
1968	8410376012699	chocolate-cookies
1969	8410376013443	cookies-with-milk-chocolate
1970	8410376013443	cookies
1971	8410376013443	chocolate-cookies
1972	8410376017342	cookies
1973	8410376017342	chocolate-cookies
1974	8410376017687	cookies
1975	8410376018097	shortbread-cookies
1976	8410376037883	cookies
1977	8410376037883	chocolate-cookies
1978	8410376037920	cookies
1979	8410376037920	chocolate-cookies
1980	8410376040425	cookies
1981	8410376047028	shortbread-cookies
1982	8411192040156	cookies-with-milk-chocolate
1983	8411192040156	cookies
1984	8411192040156	chocolate-cookies
1985	8411192046004	cookies
1986	8411192046004	chocolate-cookies
1987	8415712334404	shortbread-cookies
1988	8421615001527	cookies
1989	8421615001527	chocolate-cookies
1990	8421615022621	cookies
1991	8421615022621	chocolate-cookies
1992	8421691748231	cookies
1993	8421691748231	chocolate-cookies
1994	8422791007662	cookies
1995	8426435662088	cookies
1996	8434165443167	shortbread-cookies
1997	8434165453258	shortbread-cookies
1998	8434165453449	cookies
1999	8434165453449	chocolate-cookies
2000	8434165479463	cookies
2001	8436547640997	chocolate-cookies
2002	8436547640997	cookies
2003	8437011986627	cookies
2004	8451860001263	shortbread-cookies
2005	8480000146335	cookies
2006	8480000146335	chocolate-cookies
2007	8480017006844	shortbread-cookies
2008	8480017048813	cookies
2009	8480017103079	cookies-with-chocolate-and-coconut
2010	8480017103079	cookies
2011	8480017103079	chocolate-cookies
2012	8480017332844	cookies-with-chocolate-and-nougat
2013	8480017332844	cookies
2014	8480017332844	chocolate-cookies
2015	8480017422620	shortbread-cookies
2016	8480024752949	cookies
2017	8480024752949	chocolate-cookies
2018	85366013000299	cookies
2019	8594002834616	cookies
2020	8594002834616	chocolate-cookies
2021	8690526023755	cookies
2022	8710412236295	cookies
2023	8710416101957	shortbread-cookies
2024	8710418111213	shortbread-cookies
2025	8710434071034	cookies
2026	8710502060021	cookies
2027	8710502060021	chocolate-cookies
2028	8710502154027	cookies
2029	8710502154027	chocolate-cookies
2030	8710502168017	cookies
2031	8710502168017	chocolate-cookies
2032	8710502171017	cookies
2033	8710502171017	chocolate-cookies
2034	8710502179020	cookies
2035	8710502179020	chocolate-cookies
2036	8710502430008	cookies-with-chocolate-and-nougat
2037	8710502430008	cookies
2038	8710502430008	chocolate-cookies
2039	8710502470035	cookies
2040	8711823193504	cookies
2041	8713305850011	cookies
2042	8713305850011	chocolate-cookies
2043	8718265523944	cookies-with-chocolate-and-nougat
2044	8718265523944	cookies
2045	8718265523944	chocolate-cookies
2046	8888166990104	cookies
2047	8901719106538	cookies
2048	8904150502242	cookies
2049	8904230395238	shortbread-cookies
2050	8906033745050	shortbread-cookies
2051	9002859049620	shortbread-cookies
2052	9077560756198	cookies-with-milk-chocolate
2053	9077560756198	cookies
2054	9077560756198	chocolate-cookies
2055	9300633021849	cookies
2056	9300650012936	cookies
2057	9300650012936	chocolate-cookies
